Testing 1021795007
404 1021795007
Testing 1077426281
200 1077426281
Testing 1088763330
200 1088763330
Testing 1097486789
404 1097486789
Testing 1098673720
404 1098673720
Testing 1103523768
404 1103523768
Testing 1103524075
404 1103524075
Testing 1103524886
404 1103524886
Testing 1103524986
404 1103524986
Testing 1108620129
404 1108620129
Testing 1111590140
200 1111590140
Testing 1112256068
200 1112256068
Testing 1113143343
200 1113143343
Testing 1114496005
404 1114496005
Testing 1114731621
200 1114731621
Testing 1114997030
404 1114997030
Testing 1114997031
404 1114997031
Testing 1115119412
200 1115119412
Testing 1117369102
200 1117369102
Testing 1117737813
200 1117737813
Testing 1118494036
200 1118494036
Testing 1119285887
200 1119285887
Testing 1119631956
200 1119631956
Testing 1119642284
404 1119642284
Testing 1119793276
200 1119793276
Testing 1119862162
200 1119862162
Testing 1119865707
404 1119865707
Testing 1119957879
200 1119957879
Testing 1119978996
200 1119978996
Testing 1120031364
200 1120031364
Testing 1120173260
404 1120173260
Testing 1120226033
404 1120226033
Testing 1120337435
200 1120337435
Testing 1120371122
404 1120371122
Testing 1125619389
200 1125619389
Testing 1126056991
200 1126056991
Testing 1127492744
200 1127492744
Testing 1128519838
200 1128519838
Testing 1130007478
200 1130007478
Testing 1130217706
200 1130217706
Testing 1131058722
200 1131058722
Testing 1131201725
200 1131201725
Testing 1132107405
404 1132107405
Testing 1132613239
200 1132613239
Testing 1133976197
200 1133976197
Testing 1134568629
200 1134568629
Testing 1136141371
200 1136141371
Testing 1136966683
200 1136966683
Testing 1137117213
200 1137117213
Testing 1137236351
200 1137236351
Testing 1137676172
200 1137676172
Testing 1137819367
200 1137819367
Testing 1138313719
404 1138313719
Testing 1138412822
404 1138412822
Testing 1138436979
200 1138436979
Testing 1139305136
200 1139305136
Testing 1139555789
200 1139555789
Testing 1139675293
200 1139675293
Testing 1139695081
200 1139695081
Testing 1139695149
200 1139695149
Testing 1139695395
200 1139695395
Testing 1139820784
200 1139820784
Testing 1139889278
404 1139889278
Testing 1140142303
200 1140142303
Testing 1144524583
200 1144524583
Testing 1144624928
200 1144624928
Testing 1144842676
200 1144842676
Testing 1144947205
200 1144947205
Testing 1145123884
200 1145123884
Testing 1145128534
200 1145128534
Testing 1145132411
200 1145132411
Testing 1145267279
200 1145267279
Testing 1145725586
200 1145725586
Testing 1145726565
200 1145726565
Testing 1145954294
200 1145954294
Testing 1146057875
200 1146057875
Testing 1146248706
200 1146248706
Testing 1146258626
200 1146258626
Testing 1146416310
200 1146416310
Testing 1146503525
200 1146503525
Testing 1146582163
200 1146582163
Testing 1146603206
200 1146603206
Testing 1146849669
200 1146849669
Testing 1146859491
200 1146859491
Testing 1147024391
200 1147024391
Testing 1147215656
404 1147215656
Testing 1147252646
200 1147252646
Testing 1147283207
200 1147283207
Testing 1147348477
200 1147348477
Testing 1147411295
200 1147411295
Testing 1147464509
200 1147464509
Testing 1147534730
200 1147534730
Testing 1147544335
404 1147544335
Testing 1147547092
404 1147547092
Testing 1147650437
200 1147650437
Testing 1147763252
200 1147763252
Testing 1148030357
200 1148030357
Testing 1148411044
200 1148411044
Testing 1148527666
200 1148527666
Testing 1149391864
200 1149391864
Testing 1149398787
200 1149398787
Testing 1149399693
200 1149399693
Testing 1149484670
200 1149484670
Testing 1149514611
200 1149514611
Testing 1149514616
200 1149514616
Testing 1149514635
200 1149514635
Testing 1149514637
200 1149514637
Testing 1149575237
200 1149575237
Testing 1149681596
200 1149681596
Testing 1149682280
200 1149682280
Testing 1149831515
200 1149831515
Testing 1149834806
200 1149834806
Testing 1149858453
200 1149858453
Testing 1149867109
200 1149867109
Testing 1149877808
200 1149877808
Testing 1150066619
404 1150066619
Testing 1150066782
404 1150066782
Testing 1150067069
404 1150067069
Testing 1150127357
200 1150127357
Testing 1150136272
200 1150136272
Testing 1150171347
200 1150171347
Testing 1150182058
200 1150182058
Testing 1150265687
200 1150265687
Testing 1150265719
200 1150265719
Testing 1150319270
200 1150319270
Testing 1150465913
200 1150465913
Testing 1150468107
200 1150468107
Testing 1150482198
200 1150482198
Testing 1150520082
200 1150520082
Testing 1150524695
200 1150524695
Testing 1150583455
200 1150583455
Testing 1150602263
200 1150602263
Testing 1150614406
404 1150614406
Testing 1150620911
200 1150620911
Testing 1150671783
200 1150671783
Testing 1150710233
200 1150710233
Testing 1150712647
200 1150712647
Testing 1150727844
200 1150727844
Testing 1150734212
200 1150734212
Testing 1150734924
404 1150734924
Testing 1150736291
404 1150736291
Testing 1150755322
200 1150755322
Testing 1150755588
200 1150755588
Testing 1150819558
200 1150819558
Testing 1150826925
200 1150826925
Testing 1150827187
404 1150827187
Testing 1150832588
200 1150832588
Testing 1150881455
200 1150881455
Testing 1151021902
200 1151021902
Testing 1151022141
200 1151022141
Testing 1151022699
200 1151022699
Testing 1151026767
404 1151026767
Testing 1151026768
200 1151026768
Testing 1151037349
200 1151037349
Testing 1151099784
200 1151099784
Testing 1151099786
404 1151099786
Testing 1151157115
200 1151157115
Testing 1151186172
200 1151186172
Testing 1151205919
200 1151205919
Testing 1151212246
404 1151212246
Testing 1151217863
200 1151217863
Testing 1151253483
200 1151253483
Testing 1151274144
200 1151274144
Testing 1151274147
200 1151274147
Testing 1151274938
200 1151274938
Testing 1151301862
200 1151301862
Testing 1151304410
200 1151304410
Testing 1151304781
200 1151304781
Testing 1151313110
404 1151313110
Testing 1151352171
200 1151352171
Testing 1151389588
200 1151389588
Testing 1151399351
200 1151399351
Testing 1151412734
200 1151412734
Testing 1151428094
200 1151428094
Testing 1151430235
404 1151430235
Testing 1151460128
200 1151460128
Testing 1151460935
200 1151460935
Testing 1151475185
404 1151475185
Testing 1151484229
200 1151484229
Testing 1151498040
200 1151498040
Testing 1151532322
200 1151532322
Testing 1151573717
200 1151573717
Testing 1151574441
200 1151574441
Testing 1151574448
200 1151574448
Testing 1151585418
404 1151585418
Testing 1151604436
200 1151604436
Testing 1151607963
200 1151607963
Testing 1151608218
404 1151608218
Testing 1151665849
200 1151665849
Testing 1151669210
200 1151669210
Testing 1151740356
200 1151740356
Testing 1151741919
200 1151741919
Testing 1151766538
404 1151766538
Testing 1151775783
200 1151775783
Testing 1151782723
200 1151782723
Testing 1151795278
200 1151795278
Testing 1151800737
200 1151800737
Testing 1151831507
200 1151831507
Testing 1151838328
200 1151838328
Testing 1151866999
200 1151866999
Testing 1151880126
200 1151880126
Testing 1151883558
200 1151883558
Testing 1151928882
200 1151928882
Testing 1151930585
200 1151930585
Testing 1151936586
200 1151936586
Testing 1151948268
404 1151948268
Testing 1151952060
200 1151952060
Testing 1151956435
404 1151956435
Testing 1151957600
200 1151957600
Testing 1151965269
200 1151965269
Testing 1151974434
200 1151974434
Testing 1152041187
404 1152041187
Testing 1152050428
404 1152050428
Testing 1152094218
200 1152094218
Testing 1152104046
404 1152104046
Testing 1152112097
200 1152112097
Testing 1152127722
404 1152127722
Testing 1152135099
404 1152135099
Testing 1152144038
200 1152144038
Testing 1152162514
404 1152162514
Testing 1152204159
200 1152204159
Testing 1152205663
200 1152205663
Testing 1152207789
200 1152207789
Testing 1152276722
200 1152276722
Testing 1152288193
404 1152288193
Testing 1152324132
200 1152324132
Testing 1152325721
200 1152325721
Testing 1152332948
200 1152332948
Testing 1152405351
404 1152405351
Testing 1152408341
200 1152408341
Testing 1152488130
200 1152488130
Testing 1152488184
404 1152488184
Testing 1152488414
200 1152488414
Testing 1152504631
200 1152504631
Testing 1152511310
200 1152511310
Testing 1152511458
200 1152511458
Testing 1152564803
200 1152564803
Testing 1152571648
200 1152571648
Testing 1152582223
200 1152582223
Testing 1152586528
200 1152586528
Testing 1152596187
404 1152596187
Testing 1152603773
200 1152603773
Testing 1152608804
200 1152608804
Testing 1152617293
200 1152617293
Testing 1152624742
200 1152624742
Testing 1152631094
200 1152631094
Testing 1152631826
200 1152631826
Testing 1152634224
200 1152634224
Testing 1152773022
200 1152773022
Testing 1152774050
200 1152774050
Testing 1152801010
200 1152801010
Testing 1152801413
200 1152801413
Testing 1152851528
200 1152851528
Testing 1152857499
200 1152857499
Testing 1152868928
200 1152868928
Testing 1152881995
200 1152881995
Testing 1152882265
200 1152882265
Testing 1152912983
200 1152912983
Testing 1152913272
404 1152913272
Testing 1152916188
200 1152916188
Testing 1152916754
404 1152916754
Testing 1152937717
200 1152937717
Testing 1152940297
200 1152940297
Testing 1152949161
200 1152949161
Testing 1152975432
200 1152975432
Testing 1152977690
200 1152977690
Testing 1152977976
200 1152977976
Testing 1152989277
200 1152989277
Testing 1152990372
200 1152990372
Testing 1152997170
200 1152997170
Testing 1153005978
200 1153005978
Testing 1153019659
200 1153019659
Testing 1153022129
200 1153022129
Testing 1153024344
404 1153024344
Testing 1153048429
200 1153048429
Testing 1153053290
200 1153053290
Testing 1153073473
200 1153073473
Testing 1153097569
200 1153097569
Testing 1153131895
200 1153131895
Testing 1153141965
200 1153141965
Testing 1153166810
404 1153166810
Testing 1153183834
404 1153183834
Testing 1153190043
200 1153190043
Testing 1153205499
200 1153205499
Testing 1153216975
404 1153216975
Testing 1153220202
404 1153220202
Testing 1153228538
404 1153228538
Testing 1153233456
200 1153233456
Testing 1153237110
200 1153237110
Testing 1153250004
200 1153250004
Testing 1153277335
200 1153277335
Testing 1153281079
200 1153281079
Testing 1153310871
200 1153310871
Testing 1153311560
200 1153311560
Testing 1153324337
200 1153324337
Testing 1153324515
200 1153324515
Testing 1153336931
200 1153336931
Testing 1153347720
200 1153347720
Testing 1153349363
200 1153349363
Testing 1153360151
200 1153360151
Testing 1153398614
200 1153398614
Testing 1153424776
200 1153424776
Testing 1153444997
200 1153444997
Testing 1153447658
200 1153447658
Testing 1153460495
200 1153460495
Testing 1153503745
200 1153503745
Testing 1153503874
200 1153503874
Testing 1153529331
200 1153529331
Testing 1153540163
200 1153540163
Testing 1153563277
404 1153563277
Testing 1153564413
404 1153564413
Testing 1153611767
200 1153611767
Testing 1153627841
200 1153627841
Testing 1153632425
200 1153632425
Testing 1153633911
200 1153633911
Testing 1153634527
200 1153634527
Testing 1153654515
200 1153654515
Testing 1153675053
200 1153675053
Testing 1153684010
200 1153684010
Testing 1153701466
200 1153701466
Testing 1153731622
200 1153731622
Testing 1153784175
200 1153784175
Testing 1153882730
200 1153882730
Testing 1154096135
404 1154096135
Testing 1154127247
200 1154127247
Testing 1154146326
200 1154146326
Testing 1154171899
200 1154171899
Testing 1154173387
200 1154173387
Testing 1154206911
200 1154206911
Testing 1154211723
200 1154211723
Testing 1154216161
200 1154216161
Testing 1154237772
200 1154237772
Testing 1154238211
200 1154238211
Testing 1154276832
200 1154276832
Testing 1154292359
200 1154292359
Testing 1154297361
200 1154297361
Testing 1154317840
200 1154317840
Testing 1154317920
200 1154317920
Testing 1154332066
200 1154332066
Testing 1154332428
200 1154332428
Testing 1154333244
200 1154333244
Testing 1154343923
200 1154343923
Testing 1154344535
200 1154344535
Testing 1154346033
200 1154346033
Testing 1154354753
200 1154354753
Testing 1154359792
200 1154359792
Testing 1154452761
200 1154452761
Testing 1154454085
404 1154454085
Testing 1154464923
200 1154464923
Testing 1154469576
200 1154469576
Testing 1154471464
200 1154471464
Testing 1154473694
200 1154473694
Testing 1154481719
200 1154481719
Testing 1154487531
200 1154487531
Testing 1154491517
200 1154491517
Testing 1154493267
200 1154493267
Testing 1154495412
200 1154495412
Testing 1154513044
200 1154513044
Testing 1154519796
200 1154519796
Testing 1154529968
200 1154529968
Testing 1154531350
200 1154531350
Testing 1154532309
200 1154532309
Testing 1154716971
200 1154716971
Testing 1154717025
200 1154717025
Testing 1154717058
200 1154717058
Testing 1154717610
200 1154717610
Testing 1154731116
200 1154731116
Testing 1154734414
200 1154734414
Testing 1154750801
404 1154750801
Testing 1154752318
200 1154752318
Testing 1154755513
200 1154755513
Testing 1154764240
200 1154764240
Testing 1154767490
404 1154767490
Testing 1154803309
200 1154803309
Testing 1154818153
200 1154818153
Testing 1154825540
200 1154825540
Testing 1154839462
200 1154839462
Testing 1154841710
200 1154841710
Testing 1154843870
200 1154843870
Testing 1154844905
200 1154844905
Testing 1154845751
200 1154845751
Testing 1154847006
200 1154847006
Testing 1154849295
200 1154849295
Testing 1154868590
200 1154868590
Testing 1154883441
404 1154883441
Testing 1154886135
200 1154886135
Testing 1154886567
200 1154886567
Testing 1154899421
200 1154899421
Testing 1154917938
404 1154917938
Testing 1154917942
404 1154917942
Testing 1154919164
200 1154919164
Testing 1154926258
200 1154926258
Testing 1154931627
200 1154931627
Testing 1154935444
200 1154935444
Testing 1154945028
404 1154945028
Testing 1154947832
200 1154947832
Testing 1154957746
200 1154957746
Testing 1154960385
200 1154960385
Testing 1154961495
200 1154961495
Testing 1154980325
200 1154980325
Testing 1154986065
200 1154986065
Testing 1154989413
200 1154989413
Testing 1154993565
200 1154993565
Testing 1154993813
200 1154993813
Testing 1155004941
200 1155004941
Testing 1155011858
200 1155011858
Testing 1155020009
200 1155020009
Testing 1155021064
200 1155021064
Testing 1155021084
200 1155021084
Testing 1155035832
200 1155035832
Testing 1155043602
404 1155043602
Testing 1155062142
200 1155062142
Testing 1155063223
200 1155063223
Testing 1155069942
200 1155069942
Testing 1155084143
200 1155084143
Testing 1155085396
200 1155085396
Testing 1155097595
200 1155097595
Testing 1155111862
200 1155111862
Testing 1155129983
200 1155129983
Testing 1155130563
200 1155130563
Testing 1155176206
200 1155176206
Testing 1155182044
200 1155182044
Testing 1155204888
200 1155204888
Testing 1155205847
200 1155205847
Testing 1155206112
200 1155206112
Testing 1155206114
200 1155206114
Testing 1155212811
200 1155212811
Testing 1155213798
200 1155213798
Testing 1155215674
200 1155215674
Testing 1155221418
200 1155221418
Testing 1155221466
200 1155221466
Testing 1155221795
200 1155221795
Testing 1155248812
200 1155248812
Testing 1155248942
200 1155248942
Testing 1155255470
200 1155255470
Testing 1155299271
200 1155299271
Testing 1155320897
200 1155320897
Testing 1155327007
200 1155327007
Testing 1155346049
404 1155346049
Testing 1155346125
200 1155346125
Testing 1155349653
200 1155349653
Testing 1155356875
200 1155356875
Testing 1155359711
200 1155359711
Testing 1155360598
404 1155360598
Testing 1155377028
200 1155377028
Testing 1155387823
200 1155387823
Testing 1155387949
200 1155387949
Testing 1155401004
200 1155401004
Testing 1155402950
200 1155402950
Testing 1155406405
200 1155406405
Testing 1155408137
200 1155408137
Testing 1155409835
200 1155409835
Testing 1155410620
200 1155410620
Testing 1155414103
200 1155414103
Testing 1155432339
200 1155432339
Testing 1155434587
200 1155434587
Testing 1155435223
200 1155435223
Testing 1155440607
200 1155440607
Testing 1155445705
200 1155445705
Testing 1155448226
200 1155448226
Testing 1155449658
200 1155449658
Testing 1155452018
200 1155452018
Testing 1155455033
404 1155455033
Testing 1155458716
200 1155458716
Testing 1155459558
200 1155459558
Testing 1155459767
200 1155459767
Testing 1155469188
200 1155469188
Testing 1155473052
404 1155473052
Testing 1155473350
404 1155473350
Testing 1155473398
200 1155473398
Testing 1155484267
404 1155484267
Testing 1155494302
404 1155494302
Testing 1155499296
200 1155499296
Testing 1155506834
200 1155506834
Testing 1155509409
200 1155509409
Testing 1155510415
200 1155510415
Testing 1155512182
200 1155512182
Testing 1155514549
200 1155514549
Testing 1155517580
404 1155517580
Testing 1155524157
404 1155524157
Testing 1155528411
200 1155528411
Testing 1155529306
200 1155529306
Testing 1155532087
200 1155532087
Testing 1155535089
200 1155535089
Testing 1155536290
404 1155536290
Testing 1155545782
200 1155545782
Testing 1155560685
200 1155560685
Testing 1155565866
404 1155565866
Testing 1155579228
200 1155579228
Testing 1155590633
200 1155590633
Testing 1155608130
200 1155608130
Testing 1155618588
200 1155618588
Testing 1155622309
200 1155622309
Testing 1155627667
200 1155627667
Testing 1155634522
200 1155634522
Testing 1155635169
200 1155635169
Testing 1155642279
200 1155642279
Testing 1155647351
200 1155647351
Testing 1155667656
404 1155667656
Testing 1155680355
200 1155680355
Testing 1155696982
200 1155696982
Testing 1155697565
200 1155697565
Testing 1155706657
200 1155706657
Testing 1155719738
200 1155719738
Testing 1155722527
200 1155722527
Testing 1155722831
404 1155722831
Testing 1155724490
200 1155724490
Testing 1155726342
200 1155726342
Testing 1155727497
200 1155727497
Testing 1155727498
200 1155727498
Testing 1155729972
200 1155729972
Testing 1155731260
200 1155731260
Testing 1155731354
200 1155731354
Testing 1155744629
200 1155744629
Testing 1155744866
404 1155744866
Testing 1155745853
200 1155745853
Testing 1155746460
200 1155746460
Testing 1155755511
200 1155755511
Testing 1155770855
200 1155770855
Testing 1155771208
200 1155771208
Testing 1155771933
404 1155771933
Testing 1155773839
200 1155773839
Testing 1155776922
200 1155776922
Testing 1155781189
200 1155781189
Testing 1155783102
200 1155783102
Testing 1155783333
200 1155783333
Testing 1155785136
200 1155785136
Testing 1155789890
404 1155789890
Testing 1155796240
200 1155796240
Testing 1155799804
200 1155799804
Testing 1155817717
200 1155817717
Testing 1155854826
200 1155854826
Testing 1155858353
200 1155858353
Testing 1155861008
404 1155861008
Testing 1155865871
404 1155865871
Testing 1155868509
200 1155868509
Testing 1155879013
200 1155879013
Testing 1155881667
200 1155881667
Testing 1155881882
200 1155881882
Testing 1155884234
200 1155884234
Testing 1155889833
200 1155889833
Testing 1155890408
200 1155890408
Testing 1155892944
200 1155892944
Testing 1155893933
200 1155893933
Testing 1155895637
200 1155895637
Testing 1156013417
200 1156013417
Testing 1156013910
200 1156013910
Testing 1156017568
200 1156017568
Testing 1156018560
200 1156018560
Testing 1156018943
200 1156018943
Testing 1156024502
200 1156024502
Testing 1156028396
404 1156028396
Testing 1156035267
200 1156035267
Testing 1156036138
404 1156036138
Testing 1156044650
200 1156044650
Testing 1156049252
200 1156049252
Testing 1156058255
200 1156058255
Testing 1156071714
200 1156071714
Testing 1156073870
200 1156073870
Testing 1156074002
200 1156074002
Testing 1156074887
404 1156074887
Testing 1156075001
200 1156075001
Testing 1156077586
200 1156077586
Testing 1156083911
200 1156083911
Testing 1156086100
404 1156086100
Testing 1156087198
404 1156087198
Testing 1156089494
200 1156089494
Testing 1156090198
200 1156090198
Testing 1156090712
200 1156090712
Testing 1156092729
200 1156092729
Testing 1156099427
200 1156099427
Testing 1156100259
200 1156100259
Testing 1156100388
404 1156100388
Testing 1156101254
200 1156101254
Testing 1156103032
200 1156103032
Testing 1156104141
200 1156104141
Testing 1156106349
404 1156106349
Testing 1156109212
200 1156109212
Testing 1156233223
200 1156233223
Testing 1156234095
200 1156234095
Testing 1156234096
200 1156234096
Testing 1156238567
200 1156238567
Testing 1156241265
200 1156241265
Testing 1156242370
200 1156242370
Testing 1156244124
200 1156244124
Testing 1156245184
200 1156245184
Testing 1156252122
200 1156252122
Testing 1156255626
200 1156255626
Testing 1156270357
200 1156270357
Testing 1156292173
200 1156292173
Testing 1156297026
200 1156297026
Testing 1156300233
200 1156300233
Testing 1156304750
200 1156304750
Testing 1156304752
200 1156304752
Testing 1156316628
200 1156316628
Testing 1156322773
200 1156322773
Testing 1156323676
200 1156323676
Testing 1156334407
404 1156334407
Testing 1156358735
200 1156358735
Testing 1156386180
200 1156386180
Testing 1156397161
200 1156397161
Testing 1156409416
200 1156409416
Testing 1156410864
200 1156410864
Testing 1156410927
200 1156410927
Testing 1156412088
200 1156412088
Testing 1156414446
200 1156414446
Testing 1156414977
200 1156414977
Testing 1156415342
404 1156415342
Testing 1156422783
200 1156422783
Testing 1156423097
200 1156423097
Testing 1156423121
200 1156423121
Testing 1156423187
200 1156423187
Testing 1156423306
200 1156423306
Testing 1156424176
200 1156424176
Testing 1156426049
200 1156426049
Testing 1156454684
200 1156454684
Testing 1156454937
200 1156454937
Testing 1156457710
200 1156457710
Testing 1156458183
200 1156458183
Testing 1156458334
404 1156458334
Testing 1156459463
200 1156459463
Testing 1156469685
200 1156469685
Testing 1156472537
200 1156472537
Testing 1156477249
200 1156477249
Testing 1156477936
200 1156477936
Testing 1156482797
200 1156482797
Testing 1156490094
404 1156490094
Testing 1156494140
200 1156494140
Testing 1156494695
200 1156494695
Testing 1156504160
200 1156504160
Testing 1156506452
200 1156506452
Testing 1156507196
200 1156507196
Testing 1156507956
200 1156507956
Testing 1156522224
200 1156522224
Testing 1156523715
200 1156523715
Testing 1156574774
200 1156574774
Testing 1156598961
404 1156598961
Testing 1156606780
200 1156606780
Testing 1156619287
200 1156619287
Testing 1156620765
200 1156620765
Testing 1156645751
200 1156645751
Testing 1156683279
200 1156683279
Testing 1156684446
200 1156684446
Testing 1156716026
200 1156716026
Testing 1156717667
404 1156717667
Testing 1156720283
200 1156720283
Testing 1156720893
200 1156720893
Testing 1156723205
200 1156723205
Testing 1156724236
200 1156724236
Testing 1156727873
200 1156727873
Testing 1156729267
200 1156729267
Testing 1156731998
404 1156731998
Testing 1156744035
200 1156744035
Testing 1156768631
200 1156768631
Testing 1156771597
200 1156771597
Testing 1156777473
200 1156777473
Testing 1156777843
200 1156777843
Testing 1156778006
200 1156778006
Testing 1156780123
200 1156780123
Testing 1156783174
200 1156783174
Testing 1156784078
200 1156784078
Testing 1156788730
200 1156788730
Testing 1156789989
200 1156789989
Testing 1156794770
404 1156794770
Testing 1156795582
200 1156795582
Testing 1156795891
404 1156795891
Testing 1156800178
404 1156800178
Testing 1156805637
200 1156805637
Testing 1156806679
200 1156806679
Testing 1156808209
200 1156808209
Testing 1156808485
200 1156808485
Testing 1156809510
200 1156809510
Testing 1156809642
200 1156809642
Testing 1156810105
200 1156810105
Testing 1156810331
200 1156810331
Testing 1156810394
200 1156810394
Testing 1156810465
200 1156810465
Testing 1156810551
200 1156810551
Testing 1156812987
200 1156812987
Testing 1156813022
200 1156813022
Testing 1156818534
404 1156818534
Testing 1156818689
200 1156818689
Testing 1156823296
200 1156823296
Testing 1156833196
200 1156833196
Testing 1156844442
200 1156844442
Testing 1156848127
200 1156848127
Testing 1156861016
200 1156861016
Testing 1156883589
200 1156883589
Testing 1156884965
200 1156884965
Testing 1156885988
200 1156885988
Testing 1156889850
200 1156889850
Testing 1156891150
404 1156891150
Testing 1156891633
200 1156891633
Testing 1156904222
200 1156904222
Testing 1156906171
200 1156906171
Testing 1156916469
200 1156916469
Testing 1156919061
200 1156919061
Testing 1156919442
200 1156919442
Testing 1156920591
200 1156920591
Testing 1156921783
404 1156921783
Testing 1156926756
200 1156926756
Testing 1156929821
200 1156929821
Testing 1156931215
200 1156931215
Testing 1156932398
200 1156932398
Testing 1156939107
200 1156939107
Testing 1156943823
200 1156943823
Testing 1156944540
200 1156944540
Testing 1156951854
404 1156951854
Testing 1156953752
200 1156953752
Testing 1156955433
200 1156955433
Testing 1156956385
200 1156956385
Testing 1156957961
200 1156957961
Testing 1156958325
200 1156958325
Testing 1156961405
200 1156961405
Testing 1156964612
200 1156964612
Testing 1156985384
200 1156985384
Testing 1156999223
200 1156999223
Testing 1156999264
200 1156999264
Testing 1156999763
200 1156999763
Testing 1157000606
200 1157000606
Testing 1157001689
200 1157001689
Testing 1157001847
200 1157001847
Testing 1157009875
200 1157009875
Testing 1157016919
200 1157016919
Testing 1157025557
200 1157025557
Testing 1157026033
200 1157026033
Testing 1157026931
200 1157026931
Testing 1157033546
200 1157033546
Testing 1157034127
200 1157034127
Testing 1157036569
200 1157036569
Testing 1157038405
200 1157038405
Testing 1157043629
200 1157043629
Testing 1157044821
200 1157044821
Testing 1157047328
200 1157047328
Testing 1157048861
200 1157048861
Testing 1157050466
200 1157050466
Testing 1157071740
200 1157071740
Testing 1157075998
200 1157075998
Testing 1157076956
200 1157076956
Testing 1157077393
200 1157077393
Testing 1157085112
200 1157085112
Testing 1157085171
200 1157085171
Testing 1157088397
200 1157088397
Testing 1157094871
200 1157094871
Testing 1157100441
200 1157100441
Testing 1157104585
200 1157104585
Testing 1157135602
200 1157135602
Testing 1157149776
200 1157149776
Testing 1157149802
404 1157149802
Testing 1157169627
200 1157169627
Testing 1157173803
200 1157173803
Testing 1157174882
200 1157174882
Testing 1157174910
200 1157174910
Testing 1157175656
200 1157175656
Testing 1157193024
200 1157193024
Testing 1157210049
200 1157210049
Testing 1157213114
200 1157213114
Testing 1157220148
200 1157220148
Testing 1157220446
404 1157220446
Testing 1157227154
200 1157227154
Testing 1157234530
200 1157234530
Testing 1157241928
404 1157241928
Testing 1157244638
200 1157244638
Testing 1157247591
200 1157247591
Testing 1157257477
200 1157257477
Testing 1157283027
200 1157283027
Testing 1157287564
200 1157287564
Testing 1157292424
200 1157292424
Testing 1157302963
200 1157302963
Testing 1157302965
200 1157302965
Testing 1157312742
200 1157312742
Testing 1157375174
200 1157375174
Testing 1157380768
200 1157380768
Testing 1157404555
200 1157404555
Testing 1157404855
200 1157404855
Testing 1157415227
200 1157415227
Testing 1157434636
200 1157434636
Testing 1157439549
200 1157439549
Testing 1157440463
200 1157440463
Testing 1157457029
200 1157457029
Testing 1157463586
404 1157463586
Testing 1157464513
404 1157464513
Testing 1157468323
200 1157468323
Testing 1157469284
200 1157469284
Testing 1157474884
404 1157474884
Testing 1157476391
200 1157476391
Testing 1157479911
200 1157479911
Testing 1157481610
200 1157481610
Testing 1157488018
404 1157488018
Testing 1157489193
404 1157489193
Testing 1157503575
200 1157503575
Testing 1157505049
200 1157505049
Testing 1157508445
404 1157508445
Testing 1157513935
200 1157513935
Testing 1157518071
200 1157518071
Testing 1157519137
200 1157519137
Testing 1157522476
200 1157522476
Testing 1157525328
200 1157525328
Testing 1157532865
200 1157532865
Testing 1157533496
200 1157533496
Testing 1157535875
404 1157535875
Testing 1157537079
404 1157537079
Testing 1157538981
200 1157538981
Testing 1157540105
200 1157540105
Testing 1157557239
200 1157557239
Testing 1157559167
200 1157559167
Testing 1157564252
200 1157564252
Testing 1157566073
200 1157566073
Testing 1157584330
200 1157584330
Testing 1157585026
200 1157585026
Testing 1157589010
404 1157589010
Testing 1157589383
200 1157589383
Testing 1157592408
404 1157592408
Testing 1157593099
404 1157593099
Testing 1157594427
200 1157594427
Testing 1157596798
200 1157596798
Testing 1157597498
200 1157597498
Testing 1157598175
200 1157598175
Testing 1157601448
200 1157601448
Testing 1157602184
200 1157602184
Testing 1157621540
200 1157621540
Testing 1157624032
200 1157624032
Testing 1157626895
200 1157626895
Testing 1157627377
200 1157627377
Testing 1157633599
200 1157633599
Testing 1157636905
200 1157636905
Testing 1157641218
200 1157641218
Testing 1157644704
200 1157644704
Testing 1157650882
200 1157650882
Testing 1157652855
200 1157652855
Testing 1157655997
200 1157655997
Testing 1157656479
200 1157656479
Testing 1157658245
200 1157658245
Testing 1157659004
200 1157659004
Testing 1157668766
200 1157668766
Testing 1157670071
200 1157670071
Testing 1157673525
200 1157673525
Testing 1157675714
200 1157675714
Testing 1157677221
200 1157677221
Testing 1157682520
200 1157682520
Testing 1157694909
200 1157694909
Testing 1157694912
200 1157694912
Testing 1157700618
200 1157700618
Testing 1157703524
200 1157703524
Testing 1157704559
200 1157704559
Testing 1157708068
200 1157708068
Testing 1157716439
200 1157716439
Testing 1157717109
200 1157717109
Testing 1157718797
200 1157718797
Testing 1157721074
200 1157721074
Testing 1157723701
200 1157723701
Testing 1157725734
404 1157725734
Testing 1157729948
200 1157729948
Testing 1157740763
200 1157740763
Testing 1157743273
200 1157743273
Testing 1157743846
200 1157743846
Testing 1157743851
200 1157743851
Testing 1157745065
200 1157745065
Testing 1157745468
200 1157745468
Testing 1157750148
200 1157750148
Testing 1157751021
200 1157751021
Testing 1157757196
200 1157757196
Testing 1157769228
200 1157769228
Testing 1157775741
200 1157775741
Testing 1157775744
200 1157775744
Testing 1157785132
200 1157785132
Testing 1157785513
200 1157785513
Testing 1157792334
200 1157792334
Testing 1157793189
200 1157793189
Testing 1157800310
200 1157800310
Testing 1157806079
404 1157806079
Testing 1157806814
200 1157806814
Testing 1157807551
200 1157807551
Testing 1157807775
200 1157807775
Testing 1157808353
200 1157808353
Testing 1157810472
200 1157810472
Testing 1157811529
200 1157811529
Testing 1157816826
200 1157816826
Testing 1157819283
404 1157819283
Testing 1157820525
404 1157820525
Testing 1157820622
200 1157820622
Testing 1157821061
200 1157821061
Testing 1157824139
200 1157824139
Testing 1157824340
200 1157824340
Testing 1157826160
200 1157826160
Testing 1157826587
200 1157826587
Testing 1157831266
200 1157831266
Testing 1157832099
404 1157832099
Testing 1157833228
200 1157833228
Testing 1157839352
200 1157839352
Testing 1157841610
404 1157841610
Testing 1157841797
200 1157841797
Testing 1157852366
404 1157852366
Testing 1157859330
200 1157859330
Testing 1157865527
200 1157865527
Testing 1157866438
200 1157866438
Testing 1157866682
404 1157866682
Testing 1157867365
200 1157867365
Testing 1157867366
200 1157867366
Testing 1157868627
200 1157868627
Testing 1157869083
200 1157869083
Testing 1157869375
404 1157869375
Testing 1157869436
200 1157869436
Testing 1157869725
404 1157869725
Testing 1157870000
404 1157870000
Testing 1157871307
200 1157871307
Testing 1157874385
200 1157874385
Testing 1157913895
200 1157913895
Testing 1157920575
200 1157920575
Testing 1157939981
200 1157939981
Testing 1157941290
200 1157941290
Testing 1157970428
200 1157970428
Testing 1157987858
200 1157987858
Testing 1157988571
200 1157988571
Testing 1157995565
200 1157995565
Testing 1157996960
200 1157996960
Testing 1158003770
200 1158003770
Testing 1158007020
200 1158007020
Testing 1158008020
200 1158008020
Testing 1158013152
200 1158013152
Testing 1158017784
200 1158017784
Testing 1158025356
404 1158025356
Testing 1158034196
200 1158034196
Testing 1158067406
200 1158067406
Testing 1158077395
200 1158077395
Testing 1158077627
200 1158077627
Testing 1158078591
200 1158078591
Testing 1158081049
200 1158081049
Testing 1158083924
200 1158083924
Testing 1158137075
200 1158137075
Testing 1158145137
200 1158145137
Testing 1158149818
200 1158149818
Testing 1158181537
200 1158181537
Testing 1158194122
200 1158194122
Testing 1158194329
200 1158194329
Testing 1158198632
200 1158198632
Testing 1158201887
200 1158201887
Testing 1158203082
200 1158203082
Testing 1158206323
200 1158206323
Testing 1158223330
200 1158223330
Testing 1158233109
200 1158233109
Testing 1158235005
200 1158235005
Testing 1158235783
404 1158235783
Testing 1158237586
200 1158237586
Testing 1158238246
200 1158238246
Testing 1158244573
200 1158244573
Testing 1158244776
404 1158244776
Testing 1158245100
200 1158245100
Testing 1158253492
200 1158253492
Testing 1158254427
200 1158254427
Testing 1158261862
200 1158261862
Testing 1158263664
200 1158263664
Testing 1158272219
200 1158272219
Testing 1158278730
200 1158278730
Testing 1158279092
200 1158279092
Testing 1158279770
200 1158279770
Testing 1158280134
200 1158280134
Testing 1158280962
200 1158280962
Testing 1158285353
200 1158285353
Testing 1158286582
200 1158286582
Testing 1158291180
200 1158291180
Testing 1158291503
404 1158291503
Testing 1158291904
200 1158291904
Testing 1158292441
200 1158292441
Testing 1158293401
200 1158293401
Testing 1158295256
200 1158295256
Testing 1158297929
200 1158297929
Testing 1158299736
200 1158299736
Testing 1158302153
200 1158302153
Testing 1158302498
200 1158302498
Testing 1158306025
200 1158306025
Testing 1158307695
200 1158307695
Testing 1158307856
404 1158307856
Testing 1158309840
200 1158309840
Testing 1158310029
200 1158310029
Testing 1158310064
200 1158310064
Testing 1158310667
200 1158310667
Testing 1158311192
200 1158311192
Testing 1158320986
200 1158320986
Testing 1158324328
200 1158324328
Testing 1158336877
200 1158336877
Testing 1158337089
200 1158337089
Testing 1158341962
200 1158341962
Testing 1158349110
200 1158349110
Testing 1158350860
200 1158350860
Testing 1158351103
200 1158351103
Testing 1158351499
200 1158351499
Testing 1158351991
200 1158351991
Testing 1158352767
200 1158352767
Testing 1158353155
200 1158353155
Testing 1158354668
404 1158354668
Testing 1158360004
200 1158360004
Testing 1158360154
200 1158360154
Testing 1158361676
200 1158361676
Testing 1158362245
200 1158362245
Testing 1158362426
200 1158362426
Testing 1158365481
200 1158365481
Testing 1158368502
200 1158368502
Testing 1158369180
200 1158369180
Testing 1158371010
200 1158371010
Testing 1158373051
200 1158373051
Testing 1158373223
404 1158373223
Testing 1158375639
200 1158375639
Testing 1158379499
404 1158379499
Testing 1158382179
200 1158382179
Testing 1158383034
200 1158383034
Testing 1158397741
404 1158397741
Testing 1158403599
200 1158403599
Testing 1158405042
404 1158405042
Testing 1158410797
200 1158410797
Testing 1158411551
200 1158411551
Testing 1158422271
200 1158422271
Testing 1158428649
200 1158428649
Testing 1158432654
200 1158432654
Testing 1158436305
200 1158436305
Testing 1158438827
200 1158438827
Testing 1158444457
200 1158444457
Testing 1158444961
200 1158444961
Testing 1158447239
200 1158447239
Testing 1158449699
200 1158449699
Testing 1158453189
200 1158453189
Testing 1158455282
200 1158455282
Testing 1158458622
200 1158458622
Testing 1158460144
200 1158460144
Testing 1158462092
200 1158462092
Testing 1158463232
200 1158463232
Testing 1158468648
404 1158468648
Testing 1158468877
200 1158468877
Testing 1158468879
200 1158468879
Testing 1158474182
200 1158474182
Testing 1158475978
200 1158475978
Testing 1158491528
200 1158491528
Testing 1158527407
200 1158527407
Testing 1158529341
200 1158529341
Testing 1158535685
200 1158535685
Testing 1158542300
200 1158542300
Testing 1158545737
200 1158545737
Testing 1158546693
200 1158546693
Testing 1158552253
200 1158552253
Testing 1158556115
200 1158556115
Testing 1158573504
200 1158573504
Testing 1158573512
200 1158573512
Testing 1158573516
200 1158573516
Testing 1158575437
200 1158575437
Testing 1158575517
200 1158575517
Testing 1158576351
200 1158576351
Testing 1158576467
404 1158576467
Testing 1158580423
200 1158580423
Testing 1158580891
200 1158580891
Testing 1158581203
404 1158581203
Testing 1158581393
200 1158581393
Testing 1158583803
200 1158583803
Testing 1158585896
200 1158585896
Testing 1158590925
200 1158590925
Testing 1158591023
200 1158591023
Testing 1158596361
404 1158596361
Testing 1158596804
200 1158596804
Testing 1158599707
200 1158599707
Testing 1158600304
404 1158600304
Testing 1158600771
404 1158600771
Testing 1158603066
200 1158603066
Testing 1158603363
200 1158603363
Testing 1158604517
200 1158604517
Testing 1158605258
200 1158605258
Testing 1158606450
200 1158606450
Testing 1158607548
404 1158607548
Testing 1158608489
200 1158608489
Testing 1158609560
200 1158609560
Testing 1158611200
200 1158611200
Testing 1158612470
200 1158612470
Testing 1158612961
200 1158612961
Testing 1158628216
200 1158628216
Testing 1158632817
200 1158632817
Testing 1158635026
200 1158635026
Testing 1158636469
200 1158636469
Testing 1158641141
200 1158641141
Testing 1158641214
200 1158641214
Testing 1158647147
200 1158647147
Testing 1158648401
200 1158648401
Testing 1158648994
200 1158648994
Testing 1158649841
200 1158649841
Testing 1158650234
200 1158650234
Testing 1158650495
200 1158650495
Testing 1158652863
200 1158652863
Testing 1158661064
200 1158661064
Testing 1158666315
404 1158666315
Testing 1158668487
200 1158668487
Testing 1158668683
200 1158668683
Testing 1158674278
200 1158674278
Testing 1158695406
200 1158695406
Testing 1158695797
404 1158695797
Testing 1158698726
200 1158698726
Testing 1158701086
200 1158701086
Testing 1158707946
200 1158707946
Testing 1158713834
200 1158713834
Testing 1158713836
200 1158713836
Testing 1158714894
404 1158714894
Testing 1158715018
200 1158715018
Testing 1158717229
404 1158717229
Testing 1158720122
200 1158720122
Testing 1158720449
200 1158720449
Testing 1158721362
200 1158721362
Testing 1158725520
200 1158725520
Testing 1158726613
200 1158726613
Testing 1158726878
200 1158726878
Testing 1158727722
200 1158727722
Testing 1158730046
200 1158730046
Testing 1158730317
200 1158730317
Testing 1158732300
200 1158732300
Testing 1158734262
200 1158734262
Testing 1158735198
200 1158735198
Testing 1158735749
200 1158735749
Testing 1158737017
200 1158737017
Testing 1158738457
200 1158738457
Testing 1158738643
200 1158738643
Testing 1158739676
200 1158739676
Testing 1158740324
200 1158740324
Testing 1158743508
200 1158743508
Testing 1158744257
200 1158744257
Testing 1158744466
200 1158744466
Testing 1158744633
200 1158744633
Testing 1158744634
200 1158744634
Testing 1158744866
200 1158744866
Testing 1158745091
200 1158745091
Testing 1158745795
200 1158745795
Testing 1158746669
200 1158746669
Testing 1158747779
200 1158747779
Testing 1158753617
200 1158753617
Testing 1158755512
404 1158755512
Testing 1158761493
200 1158761493
Testing 1158765989
200 1158765989
Testing 1158767634
200 1158767634
Testing 1158770762
200 1158770762
Testing 1158774009
200 1158774009
Testing 1158780494
200 1158780494
Testing 1158780783
200 1158780783
Testing 1158787681
200 1158787681
Testing 1158789538
404 1158789538
Testing 1158793984
200 1158793984
Testing 1158796621
200 1158796621
Testing 1158798445
200 1158798445
Testing 1158800621
200 1158800621
Testing 1158805215
200 1158805215
Testing 1158808566
200 1158808566
Testing 1158809360
200 1158809360
Testing 1158810470
200 1158810470
Testing 1158810688
200 1158810688
Testing 1158810758
200 1158810758
Testing 1158811257
200 1158811257
Testing 1158811509
200 1158811509
Testing 1158812145
200 1158812145
Testing 1158812397
200 1158812397
Testing 1158812497
200 1158812497
Testing 1158813847
200 1158813847
Testing 1158814869
200 1158814869
Testing 1158815198
200 1158815198
Testing 1158816994
200 1158816994
Testing 1158817265
200 1158817265
Testing 1158825450
200 1158825450
Testing 1158979909
200 1158979909
Testing 1159005393
200 1159005393
Testing 1159026169
200 1159026169
Testing 1159047844
200 1159047844
Testing 1159080914
200 1159080914
Testing 1159105806
200 1159105806
Testing 1159105807
200 1159105807
Testing 1159116597
200 1159116597
Testing 1159157640
404 1159157640
Testing 1159174397
200 1159174397
Testing 1159175259
404 1159175259
Testing 1159175922
200 1159175922
Testing 1159177400
200 1159177400
Testing 1159178878
200 1159178878
Testing 1159179804
200 1159179804
Testing 1159182864
200 1159182864
Testing 1159182971
200 1159182971
Testing 1159183910
200 1159183910
Testing 1159184765
200 1159184765
Testing 1159184909
200 1159184909
Testing 1159190105
200 1159190105
Testing 1159192684
200 1159192684
Testing 1159195226
200 1159195226
Testing 1159198750
200 1159198750
Testing 1159199449
200 1159199449
Testing 1159201531
200 1159201531
Testing 1159201536
200 1159201536
Testing 1159201960
200 1159201960
Testing 1159206414
200 1159206414
Testing 1159206724
200 1159206724
Testing 1159207951
200 1159207951
Testing 1159210728
200 1159210728
Testing 1159210823
200 1159210823
Testing 1159210972
200 1159210972
Testing 1159211758
200 1159211758
Testing 1159212605
200 1159212605
Testing 1159212680
200 1159212680
Testing 1159215911
404 1159215911
Testing 1159219803
200 1159219803
Testing 1159221326
200 1159221326
Testing 1159221563
200 1159221563
Testing 1159222874
200 1159222874
Testing 1159230033
200 1159230033
Testing 1159230548
200 1159230548
Testing 1159233579
200 1159233579
Testing 1159235473
200 1159235473
Testing 1159238977
200 1159238977
Testing 1159241455
200 1159241455
Testing 1159241514
200 1159241514
Testing 1159241515
200 1159241515
Testing 1159244205
200 1159244205
Testing 1159245640
200 1159245640
Testing 1159245959
200 1159245959
Testing 1159246155
200 1159246155
Testing 1159247462
200 1159247462
Testing 1159250134
404 1159250134
Testing 1159251280
200 1159251280
Testing 1159254063
200 1159254063
Testing 1159254064
200 1159254064
Testing 1159255662
200 1159255662
Testing 1159257498
200 1159257498
Testing 1159259508
200 1159259508
Testing 1159260405
200 1159260405
Testing 1159262961
200 1159262961
Testing 1159263323
200 1159263323
Testing 1159264607
200 1159264607
Testing 1159264713
200 1159264713
Testing 1159266361
200 1159266361
Testing 1159266770
200 1159266770
Testing 1159267046
200 1159267046
Testing 1159275537
200 1159275537
Testing 1159276700
200 1159276700
Testing 1159279979
200 1159279979
Testing 1159283610
404 1159283610
Testing 1159289883
200 1159289883
Testing 1159294612
200 1159294612
Testing 1159299342
200 1159299342
Testing 1159300710
200 1159300710
Testing 1159300711
404 1159300711
Testing 1159302771
200 1159302771
Testing 1159305116
200 1159305116
Testing 1159307591
200 1159307591
Testing 1159307839
200 1159307839
Testing 1159309009
200 1159309009
Testing 1159338080
200 1159338080
Testing 1159358146
200 1159358146
Testing 1159359916
200 1159359916
Testing 1159407903
200 1159407903
Testing 1159430117
200 1159430117
Testing 1159443462
200 1159443462
Testing 1159443677
200 1159443677
Testing 1159444979
200 1159444979
Testing 1159446008
200 1159446008
Testing 1159447921
200 1159447921
Testing 1159448035
200 1159448035
Testing 1159449444
200 1159449444
Testing 1159449473
200 1159449473
Testing 1159452050
404 1159452050
Testing 1159452805
404 1159452805
Testing 1159453404
200 1159453404
Testing 1159469437
200 1159469437
Testing 1159472659
200 1159472659
Testing 1159473584
200 1159473584
Testing 1159475075
200 1159475075
Testing 1159485044
200 1159485044
Testing 1159488967
200 1159488967
Testing 1159489547
200 1159489547
Testing 1159489548
404 1159489548
Testing 1159490195
200 1159490195
Testing 1159490898
200 1159490898
Testing 1159491199
200 1159491199
Testing 1159494427
200 1159494427
Testing 1159495693
200 1159495693
Testing 1159497107
200 1159497107
Testing 1159498950
200 1159498950
Testing 1159501485
200 1159501485
Testing 1159502041
200 1159502041
Testing 1159503172
200 1159503172
Testing 1159503436
200 1159503436
Testing 1159505610
200 1159505610
Testing 1159505611
200 1159505611
Testing 1159506283
200 1159506283
Testing 1159507928
200 1159507928
Testing 1159509075
200 1159509075
Testing 1159513016
200 1159513016
Testing 1159513511
200 1159513511
Testing 1159513976
200 1159513976
Testing 1159514195
200 1159514195
Testing 1159515108
200 1159515108
Testing 1159518345
200 1159518345
Testing 1159529358
200 1159529358
Testing 1159533310
404 1159533310
Testing 1159533421
200 1159533421
Testing 1159541158
200 1159541158
Testing 1159544845
200 1159544845
Testing 1159547915
200 1159547915
Testing 1159550290
200 1159550290
Testing 1159550963
200 1159550963
Testing 1159552825
200 1159552825
Testing 1159557287
200 1159557287
Testing 1159559910
404 1159559910
Testing 1159560168
200 1159560168
Testing 1159564600
404 1159564600
Testing 1159564818
200 1159564818
Testing 1159567321
200 1159567321
Testing 1159567990
200 1159567990
Testing 1159570044
404 1159570044
Testing 1159570310
200 1159570310
Testing 1159571699
200 1159571699
Testing 1159572404
200 1159572404
Testing 1159573837
200 1159573837
Testing 1159575603
200 1159575603
Testing 1159576654
200 1159576654
Testing 1159577815
200 1159577815
Testing 1159578006
200 1159578006
Testing 1159579920
200 1159579920
Testing 1159580250
200 1159580250
Testing 1159581120
200 1159581120
Testing 1159581963
200 1159581963
Testing 1159582097
200 1159582097
Testing 1159589564
200 1159589564
Testing 1159590691
200 1159590691
Testing 1159599428
200 1159599428
Testing 1159602423
200 1159602423
Testing 1159606637
200 1159606637
Testing 1159607563
404 1159607563
Testing 1159607665
200 1159607665
Testing 1159608807
404 1159608807
Testing 1159610265
200 1159610265
Testing 1159611790
200 1159611790
Testing 1159611792
200 1159611792
Testing 1159613835
200 1159613835
Testing 1159620241
200 1159620241
Testing 1159622860
200 1159622860
Testing 1159626416
200 1159626416
Testing 1159628664
200 1159628664
Testing 1159632430
200 1159632430
Testing 1159637311
200 1159637311
Testing 1159637312
200 1159637312
Testing 1159637558
200 1159637558
Testing 1159637755
200 1159637755
Testing 1159639847
200 1159639847
Testing 1159641850
200 1159641850
Testing 1159643121
200 1159643121
Testing 1159647351
404 1159647351
Testing 1159648561
404 1159648561
Testing 1159649349
200 1159649349
Testing 1159650028
200 1159650028
Testing 1159650410
200 1159650410
Testing 1159651165
200 1159651165
Testing 1159651336
200 1159651336
Testing 1159655021
200 1159655021
Testing 1159655181
200 1159655181
Testing 1159657178
200 1159657178
Testing 1159657577
200 1159657577
Testing 1159657806
200 1159657806
Testing 1159657857
200 1159657857
Testing 1159660116
200 1159660116
Testing 1159661358
200 1159661358
Testing 1159678270
200 1159678270
Testing 1159689028
200 1159689028
Testing 1159691284
200 1159691284
Testing 1159691507
200 1159691507
Testing 1159695494
200 1159695494
Testing 1159699266
200 1159699266
Testing 1159701027
200 1159701027
Testing 1159701511
200 1159701511
Testing 1159701658
200 1159701658
Testing 1159702786
200 1159702786
Testing 1159707500
200 1159707500
Testing 1159708954
200 1159708954
Testing 1159708960
200 1159708960
Testing 1159710183
200 1159710183
Testing 1159710187
200 1159710187
Testing 1159716019
404 1159716019
Testing 1159716439
200 1159716439
Testing 1159716849
200 1159716849
Testing 1159717393
200 1159717393
Testing 1159718016
200 1159718016
Testing 1159718260
200 1159718260
Testing 1159718921
200 1159718921
Testing 1159719873
200 1159719873
Testing 1159722369
200 1159722369
Testing 1159723082
200 1159723082
Testing 1159725119
200 1159725119
Testing 1159725360
200 1159725360
Testing 1159726205
200 1159726205
Testing 1159726640
404 1159726640
Testing 1159727435
200 1159727435
Testing 1159727790
200 1159727790
Testing 1159728745
200 1159728745
Testing 1159729096
200 1159729096
Testing 1159729186
200 1159729186
Testing 1159729190
200 1159729190
Testing 1159729198
200 1159729198
Testing 1159729201
200 1159729201
Testing 1159729262
200 1159729262
Testing 1159730518
200 1159730518
Testing 1159746011
200 1159746011
Testing 1159746012
200 1159746012
Testing 1159750951
200 1159750951
Testing 1159772730
200 1159772730
Testing 1159774182
200 1159774182
Testing 1159774551
404 1159774551
Testing 1159777653
200 1159777653
Testing 1159781340
200 1159781340
Testing 1159782882
200 1159782882
Testing 1159787258
200 1159787258
Testing 1159788960
200 1159788960
Testing 1159800447
200 1159800447
Testing 1159800449
404 1159800449
Testing 1159800548
200 1159800548
Testing 1159801085
200 1159801085
Testing 1159801245
404 1159801245
Testing 1159804963
200 1159804963
Testing 1159808512
200 1159808512
Testing 1159809491
404 1159809491
Testing 1159811917
200 1159811917
Testing 1159814313
200 1159814313
Testing 1159815943
200 1159815943
Testing 1159825442
200 1159825442
Testing 1159826694
200 1159826694
Testing 1159827445
200 1159827445
Testing 1159830121
200 1159830121
Testing 1159830122
404 1159830122
Testing 1159830510
200 1159830510
Testing 1159831304
200 1159831304
Testing 1159837091
200 1159837091
Testing 1159838266
200 1159838266
Testing 1159839194
200 1159839194
Testing 1159845338
404 1159845338
Testing 1159847848
200 1159847848
Testing 1159849470
200 1159849470
Testing 1159852147
200 1159852147
Testing 1159854526
200 1159854526
Testing 1159856098
404 1159856098
Testing 1159863491
200 1159863491
Testing 1159864730
200 1159864730
Testing 1159866230
200 1159866230
Testing 1159868064
200 1159868064
Testing 1159869488
200 1159869488
Testing 1159870384
200 1159870384
Testing 1159871560
200 1159871560
Testing 1159873260
200 1159873260
Testing 1159873808
200 1159873808
Testing 1159874151
200 1159874151
Testing 1159874396
200 1159874396
Testing 1159874435
200 1159874435
Testing 1159874524
404 1159874524
Testing 1159875321
200 1159875321
Testing 1159875720
200 1159875720
Testing 1159876393
404 1159876393
Testing 1159877684
404 1159877684
Testing 1159879079
404 1159879079
Testing 1159880471
200 1159880471
Testing 1159881842
200 1159881842
Testing 1159883494
200 1159883494
Testing 1159889573
200 1159889573
Testing 1159899409
200 1159899409
Testing 1159899428
200 1159899428
Testing 1159899512
200 1159899512
Testing 1159899513
200 1159899513
Testing 1159899535
200 1159899535
Testing 1159899550
200 1159899550
Testing 1159907992
200 1159907992
Testing 1159912341
200 1159912341
Testing 1159914007
200 1159914007
Testing 1159914657
200 1159914657
Testing 1159918459
200 1159918459
Testing 1159919765
200 1159919765
Testing 1159920312
200 1159920312
Testing 1159920313
200 1159920313
Testing 1159922182
404 1159922182
Testing 1159922618
200 1159922618
Testing 1159923709
200 1159923709
Testing 1159923845
404 1159923845
Testing 1159926402
404 1159926402
Testing 1159926590
200 1159926590
Testing 1159927670
200 1159927670
Testing 1159928331
200 1159928331
Testing 1159928857
200 1159928857
Testing 1159931197
404 1159931197
Testing 1159931200
404 1159931200
Testing 1159931204
200 1159931204
Testing 1159931304
200 1159931304
Testing 1159932949
200 1159932949
Testing 1159933034
200 1159933034
Testing 1159933426
200 1159933426
Testing 1159933758
404 1159933758
Testing 1159933904
200 1159933904
Testing 1159936633
200 1159936633
Testing 1159937070
200 1159937070
Testing 1159937110
200 1159937110
Testing 1159937213
404 1159937213
Testing 1159937215
200 1159937215
Testing 1159937282
200 1159937282
Testing 1159937661
200 1159937661
Testing 1159938398
200 1159938398
Testing 1159939373
200 1159939373
Testing 1159939786
200 1159939786
Testing 1159940478
200 1159940478
Testing 1159943509
200 1159943509
Testing 1159945530
200 1159945530
Testing 1159946908
404 1159946908
Testing 1159948300
200 1159948300
Testing 1159949337
200 1159949337
Testing 1159949528
200 1159949528
Testing 1159951401
200 1159951401
Testing 1159958005
404 1159958005
Testing 1159961818
200 1159961818
Testing 1159972773
200 1159972773
Testing 1159972956
200 1159972956
Testing 1159974152
200 1159974152
Testing 1159974241
404 1159974241
Testing 1159977462
404 1159977462
Testing 1159978057
200 1159978057
Testing 1159986245
200 1159986245
Testing 1159987656
200 1159987656
Testing 1159987856
200 1159987856
Testing 1159987981
200 1159987981
Testing 1159990222
200 1159990222
Testing 1159991515
200 1159991515
Testing 1159991956
404 1159991956
Testing 1159993622
200 1159993622
Testing 1159994318
200 1159994318
Testing 1159996526
200 1159996526
Testing 1159997653
200 1159997653
Testing 1160000343
200 1160000343
Testing 1160000733
200 1160000733
Testing 1160001954
200 1160001954
Testing 1160002118
200 1160002118
Testing 1160002954
200 1160002954
Testing 1160003578
200 1160003578
Testing 1160004627
200 1160004627
Testing 1160007128
200 1160007128
Testing 1160011534
200 1160011534
Testing 1160012190
404 1160012190
Testing 1160013044
200 1160013044
Testing 1160013262
200 1160013262
Testing 1160016361
200 1160016361
Testing 1160016664
200 1160016664
Testing 1160016906
200 1160016906
Testing 1160017093
200 1160017093
Testing 1160019443
200 1160019443
Testing 1160027771
200 1160027771
Testing 1160033161
200 1160033161
Testing 1160036427
200 1160036427
Testing 1160046001
200 1160046001
Testing 1160050738
200 1160050738
Testing 1160062905
200 1160062905
Testing 1160064678
404 1160064678
Testing 1160070350
404 1160070350
Testing 1160070956
200 1160070956
Testing 1160072096
200 1160072096
Testing 1160072744
200 1160072744
Testing 1160073760
200 1160073760
Testing 1160078210
200 1160078210
Testing 1160079154
200 1160079154
Testing 1160080411
200 1160080411
Testing 1160080416
200 1160080416
Testing 1160236690
200 1160236690
Testing 1160236691
200 1160236691
Testing 1160578353
200 1160578353
Testing 1160578354
200 1160578354
Testing 1160723085
200 1160723085
Testing 1160911589
200 1160911589
Testing 1160980574
200 1160980574
Testing 1161059041
200 1161059041
Testing 1161290738
200 1161290738
Testing 1161692570
404 1161692570
Testing 1161758126
404 1161758126
Testing 1161978883
200 1161978883
Testing 1161997432
200 1161997432
Testing 1162408393
200 1162408393
Testing 1162457801
200 1162457801
Testing 1162467433
200 1162467433
Testing 1162507864
200 1162507864
Testing 1162746987
200 1162746987
Testing 1162887503
200 1162887503
Testing 1163262609
200 1163262609
Testing 1163310028
200 1163310028
Testing 1163476846
200 1163476846
Testing 1163504118
200 1163504118
Testing 1163517376
200 1163517376
Testing 1163716956
200 1163716956
Testing 1163766173
200 1163766173
Testing 1163771434
200 1163771434
Testing 1164006306
200 1164006306
Testing 1164156195
200 1164156195
Testing 1164507876
200 1164507876
Testing 1164783272
200 1164783272
Testing 1165047873
200 1165047873
Testing 1165496178
200 1165496178
Testing 1165523250
200 1165523250
Testing 1165580064
200 1165580064
Testing 1165584327
200 1165584327
Testing 1165603511
200 1165603511
Testing 1165643940
200 1165643940
Testing 1165663284
200 1165663284
Testing 1165667671
200 1165667671
Testing 1165683006
200 1165683006
Testing 1165686507
200 1165686507
Testing 1165715294
200 1165715294
Testing 1165715295
200 1165715295
Testing 1165718581
200 1165718581
Testing 1165754566
200 1165754566
Testing 1165763691
200 1165763691
Testing 1165809410
200 1165809410
Testing 1165818401
200 1165818401
Testing 1165828405
200 1165828405
Testing 1165830027
200 1165830027
Testing 1165909251
404 1165909251
Testing 1165910467
200 1165910467
Testing 1165936156
200 1165936156
Testing 1165949285
200 1165949285
Testing 1165956307
404 1165956307
Testing 1165966031
200 1165966031
Testing 1165976343
200 1165976343
Testing 1166011194
200 1166011194
Testing 1166033411
200 1166033411
Testing 1166039777
200 1166039777
Testing 1166068701
200 1166068701
Testing 1166076686
200 1166076686
Testing 1166076693
200 1166076693
Testing 1166079425
200 1166079425
Testing 1166099525
200 1166099525
Testing 1166265566
200 1166265566
Testing 1166279139
404 1166279139
Testing 1166289446
404 1166289446
Testing 1166289455
200 1166289455
Testing 1166297457
200 1166297457
Testing 1166304928
200 1166304928
Testing 1166405970
404 1166405970
Testing 1166480142
200 1166480142
Testing 1166484486
200 1166484486
Testing 1166492540
200 1166492540
Testing 1166526775
200 1166526775
Testing 1166544357
200 1166544357
Testing 1166558232
200 1166558232
Testing 1166702280
200 1166702280
Testing 1166704459
200 1166704459
Testing 1166726822
200 1166726822
Testing 1167145731
200 1167145731
Testing 1167320852
200 1167320852
Testing 1167325680
200 1167325680
Testing 1167628062
200 1167628062
Testing 1167732541
200 1167732541
Testing 1167953928
404 1167953928
Testing 1167969604
404 1167969604
Testing 1168095673
200 1168095673
Testing 1168101662
200 1168101662
Testing 1168104584
200 1168104584
Testing 1168144524
200 1168144524
Testing 1168150024
200 1168150024
Testing 1168195048
404 1168195048
Testing 1168264825
200 1168264825
Testing 1168382450
200 1168382450
Testing 1168391431
200 1168391431
Testing 1168393289
200 1168393289
Testing 1168409073
404 1168409073
Testing 1168410793
200 1168410793
Testing 1168439952
404 1168439952
Testing 1168457314
200 1168457314
Testing 1168461070
200 1168461070
Testing 1168463842
200 1168463842
Testing 1168469057
200 1168469057
Testing 1168470446
200 1168470446
Testing 1168479881
200 1168479881
Testing 1168490921
404 1168490921
Testing 1168501309
404 1168501309
Testing 1168502482
200 1168502482
Testing 1168520708
200 1168520708
Testing 1168526198
200 1168526198
Testing 1168526199
200 1168526199
Testing 1168526879
200 1168526879
Testing 1168534998
200 1168534998
Testing 1168544703
200 1168544703
Testing 1168560851
200 1168560851
Testing 1168564493
200 1168564493
Testing 1168585486
404 1168585486
Testing 1168604745
200 1168604745
Testing 1168605826
200 1168605826
Testing 1168622746
200 1168622746
Testing 1168626465
404 1168626465
Testing 1168635252
200 1168635252
Testing 1168675666
200 1168675666
Testing 1168684487
200 1168684487
Testing 1168692960
200 1168692960
Testing 1168693328
404 1168693328
Testing 1168695387
200 1168695387
Testing 1168696376
200 1168696376
Testing 1168700365
200 1168700365
Testing 1168704222
200 1168704222
Testing 1168706000
200 1168706000
Testing 1168711162
200 1168711162
Testing 1168714833
200 1168714833
Testing 1168715965
200 1168715965
Testing 1168716421
200 1168716421
Testing 1168722706
200 1168722706
Testing 1168723357
200 1168723357
Testing 1168723995
200 1168723995
Testing 1168731624
200 1168731624
Testing 1168736351
200 1168736351
Testing 1168738235
200 1168738235
Testing 1168746561
200 1168746561
Testing 1168749365
200 1168749365
Testing 1168750030
200 1168750030
Testing 1168750033
200 1168750033
Testing 1168760590
200 1168760590
Testing 1168782210
200 1168782210
Testing 1168782960
200 1168782960
Testing 1168785075
200 1168785075
Testing 1168786203
200 1168786203
Testing 1168815827
404 1168815827
Testing 1168819678
404 1168819678
Testing 1168820257
200 1168820257
Testing 1168821899
200 1168821899
Testing 1168828021
200 1168828021
Testing 1168845506
404 1168845506
Testing 1168867919
404 1168867919
Testing 1168871648
404 1168871648
Testing 1168873128
404 1168873128
Testing 1168873717
200 1168873717
Testing 1168875595
200 1168875595
Testing 1168915014
200 1168915014
Testing 1168941667
200 1168941667
Testing 1168995387
200 1168995387
Testing 1168995413
404 1168995413
Testing 1168995418
200 1168995418
Testing 1168995573
404 1168995573
Testing 1168995580
404 1168995580
Testing 1168995587
200 1168995587
Testing 1168999572
200 1168999572
Testing 1169016116
200 1169016116
Testing 1169016606
200 1169016606
Testing 1169020556
200 1169020556
Testing 1169023587
200 1169023587
Testing 1169024259
200 1169024259
Testing 1169029539
200 1169029539
Testing 1169037987
200 1169037987
Testing 1169039536
200 1169039536
Testing 1169044693
200 1169044693
Testing 1169045813
200 1169045813
Testing 1169052149
200 1169052149
Testing 1169074672
200 1169074672
Testing 1169079049
200 1169079049
Testing 1169084105
200 1169084105
Testing 1169093667
200 1169093667
Testing 1169097348
200 1169097348
Testing 1169104937
200 1169104937
Testing 1169105294
200 1169105294
Testing 1169109733
200 1169109733
Testing 1169109798
200 1169109798
Testing 1169128711
200 1169128711
Testing 1169144452
200 1169144452
Testing 1169149926
200 1169149926
Testing 1169153401
200 1169153401
Testing 1169154606
404 1169154606
Testing 1169156820
200 1169156820
Testing 1169157159
200 1169157159
Testing 1169162587
200 1169162587
Testing 1169162588
200 1169162588
Testing 1169169483
200 1169169483
Testing 1169173697
200 1169173697
Testing 1169179248
404 1169179248
Testing 1169185588
200 1169185588
Testing 1169192352
200 1169192352
Testing 1169195466
200 1169195466
Testing 1169202614
200 1169202614
Testing 1169204687
200 1169204687
Testing 1169205970
200 1169205970
Testing 1169207950
200 1169207950
Testing 1169214185
200 1169214185
Testing 1169283812
200 1169283812
Testing 1169290348
404 1169290348
Testing 1169292785
200 1169292785
Testing 1169297095
200 1169297095
Testing 1169297708
404 1169297708
Testing 1169324964
200 1169324964
Testing 1169331563
404 1169331563
Testing 1169333003
200 1169333003
Testing 1169338685
404 1169338685
Testing 1169339671
200 1169339671
Testing 1169339673
404 1169339673
Testing 1169341875
200 1169341875
Testing 1169344833
200 1169344833
Testing 1169348040
200 1169348040
Testing 1169351422
200 1169351422
Testing 1169360815
200 1169360815
Testing 1169361339
200 1169361339
Testing 1169361516
200 1169361516
Testing 1169364779
404 1169364779
Testing 1169364861
404 1169364861
Testing 1169367196
200 1169367196
Testing 1169367198
200 1169367198
Testing 1169367475
404 1169367475
Testing 1169369554
200 1169369554
Testing 1169371642
200 1169371642
Testing 1169372678
200 1169372678
Testing 1169376118
200 1169376118
Testing 1169378318
200 1169378318
Testing 1169380296
404 1169380296
Testing 1169383590
200 1169383590
Testing 1169384647
200 1169384647
Testing 1169386631
404 1169386631
Testing 1169386634
200 1169386634
Testing 1169388282
200 1169388282
Testing 1169390770
200 1169390770
Testing 1169390992
200 1169390992
Testing 1169391653
200 1169391653
Testing 1169392248
200 1169392248
Testing 1169394194
200 1169394194
Testing 1169395503
404 1169395503
Testing 1169395505
200 1169395505
Testing 1169395923
200 1169395923
Testing 1169397270
200 1169397270
Testing 1169398408
200 1169398408
Testing 1169401867
200 1169401867
Testing 1169403605
404 1169403605
Testing 1169404814
200 1169404814
Testing 1169409235
200 1169409235
Testing 1169410918
404 1169410918
Testing 1169410995
200 1169410995
Testing 1169411814
200 1169411814
Testing 1169421541
200 1169421541
Testing 1169429829
200 1169429829
Testing 1169435322
200 1169435322
Testing 1169436419
200 1169436419
Testing 1169437886
200 1169437886
Testing 1169448132
200 1169448132
Testing 1169448197
200 1169448197
Testing 1169451908
200 1169451908
Testing 1169456031
200 1169456031
Testing 1169461024
200 1169461024
Testing 1169461025
200 1169461025
Testing 1169463880
200 1169463880
Testing 1169472261
200 1169472261
Testing 1169484816
200 1169484816
Testing 1169485093
200 1169485093
Testing 1169501448
200 1169501448
Testing 1169513971
404 1169513971
Testing 1169523953
200 1169523953
Testing 1169524234
200 1169524234
Testing 1169526385
404 1169526385
Testing 1169527277
200 1169527277
Testing 1169528317
200 1169528317
Testing 1169528787
200 1169528787
Testing 1169530974
200 1169530974
Testing 1169531143
200 1169531143
Testing 1169537187
200 1169537187
Testing 1169537494
200 1169537494
Testing 1169537498
404 1169537498
Testing 1169537654
200 1169537654
Testing 1169555549
200 1169555549
Testing 1169555737
200 1169555737
Testing 1169556894
200 1169556894
Testing 1169556909
200 1169556909
Testing 1169557665
200 1169557665
Testing 1169558261
200 1169558261
Testing 1169558262
200 1169558262
Testing 1169558280
404 1169558280
Testing 1169558283
200 1169558283
Testing 1169558284
200 1169558284
Testing 1169558422
200 1169558422
Testing 1169558801
200 1169558801
Testing 1169560418
200 1169560418
Testing 1169566242
200 1169566242
Testing 1169569399
200 1169569399
Testing 1169570230
200 1169570230
Testing 1169570609
200 1169570609
Testing 1169573467
200 1169573467
Testing 1169573972
200 1169573972
Testing 1169574280
404 1169574280
Testing 1169577622
200 1169577622
Testing 1169577663
200 1169577663
Testing 1169581633
200 1169581633
Testing 1169583574
200 1169583574
Testing 1169585059
200 1169585059
Testing 1169587695
200 1169587695
Testing 1169589748
200 1169589748
Testing 1169591842
200 1169591842
Testing 1169592164
200 1169592164
Testing 1169596248
200 1169596248
Testing 1169596674
200 1169596674
Testing 1169599018
200 1169599018
Testing 1169602166
404 1169602166
Testing 1169605487
404 1169605487
Testing 1169620221
200 1169620221
Testing 1169621272
200 1169621272
Testing 1169621973
200 1169621973
Testing 1169622629
200 1169622629
Testing 1169622663
200 1169622663
Testing 1169622776
200 1169622776
Testing 1169626350
200 1169626350
Testing 1169634893
200 1169634893
Testing 1169652659
200 1169652659
Testing 1169653866
200 1169653866
Testing 1169654216
200 1169654216
Testing 1169658015
404 1169658015
Testing 1169681317
200 1169681317
Testing 1169686438
200 1169686438
Testing 1169708603
200 1169708603
Testing 1169714134
200 1169714134
Testing 1169716007
200 1169716007
Testing 1169719552
200 1169719552
Testing 1169731388
200 1169731388
Testing 1169732725
200 1169732725
Testing 1169733281
200 1169733281
Testing 1169733315
200 1169733315
Testing 1169734689
200 1169734689
Testing 1169735569
200 1169735569
Testing 1169736552
200 1169736552
Testing 1169738250
200 1169738250
Testing 1169738568
200 1169738568
Testing 1169739155
200 1169739155
Testing 1169740008
200 1169740008
Testing 1169742889
200 1169742889
Testing 1169743591
404 1169743591
Testing 1169743592
200 1169743592
Testing 1169744823
200 1169744823
Testing 1169745954
200 1169745954
Testing 1169746557
200 1169746557
Testing 1169747752
200 1169747752
Testing 1169747858
200 1169747858
Testing 1169748420
200 1169748420
Testing 1169759433
200 1169759433
Testing 1169759476
200 1169759476
Testing 1169761845
200 1169761845
Testing 1169767794
200 1169767794
Testing 1169773882
200 1169773882
Testing 1169778071
200 1169778071
Testing 1169780892
200 1169780892
Testing 1169781143
200 1169781143
Testing 1169790246
200 1169790246
Testing 1169790528
200 1169790528
Testing 1169791162
200 1169791162
Testing 1169791166
200 1169791166
Testing 1169792208
200 1169792208
Testing 1169796708
200 1169796708
Testing 1169798340
200 1169798340
Testing 1169804755
404 1169804755
Testing 1169805351
200 1169805351
Testing 1169805713
404 1169805713
Testing 1169805977
200 1169805977
Testing 1169810565
200 1169810565
Testing 1169813308
200 1169813308
Testing 1169817012
200 1169817012
Testing 1169818083
404 1169818083
Testing 1169827086
200 1169827086
Testing 1169827340
200 1169827340
Testing 1169830293
200 1169830293
Testing 1169833472
200 1169833472
Testing 1169834091
200 1169834091
Testing 1169834388
200 1169834388
Testing 1169834429
404 1169834429
Testing 1169835430
404 1169835430
Testing 1169839098
200 1169839098
Testing 1169842173
404 1169842173
Testing 1169859454
200 1169859454
Testing 1169888152
404 1169888152
Testing 1169914748
200 1169914748
Testing 1169948055
200 1169948055
Testing 1169950084
200 1169950084
Testing 1169952049
200 1169952049
Testing 1169958191
404 1169958191
Testing 1170015135
200 1170015135
Testing 1170015463
200 1170015463
Testing 1170025949
200 1170025949
Testing 1170029137
200 1170029137
Testing 1170029814
404 1170029814
Testing 1170035152
200 1170035152
Testing 1170038666
200 1170038666
Testing 1170043477
200 1170043477
Testing 1170043777
200 1170043777
Testing 1170047043
200 1170047043
Testing 1170047594
200 1170047594
Testing 1170049825
200 1170049825
Testing 1170050189
404 1170050189
Testing 1170051734
200 1170051734
Testing 1170054071
200 1170054071
Testing 1170054716
404 1170054716
Testing 1170057354
200 1170057354
Testing 1170060970
200 1170060970
Testing 1170060973
200 1170060973
Testing 1170062499
200 1170062499
Testing 1170064038
200 1170064038
Testing 1170065677
200 1170065677
Testing 1170067429
200 1170067429
Testing 1170067985
200 1170067985
Testing 1170086485
200 1170086485
Testing 1170086977
404 1170086977
Testing 1170087580
200 1170087580
Testing 1170088802
200 1170088802
Testing 1170092075
200 1170092075
Testing 1170093651
404 1170093651
Testing 1170094193
404 1170094193
Testing 1170094194
200 1170094194
Testing 1170094885
200 1170094885
Testing 1170095542
200 1170095542
Testing 1170097860
200 1170097860
Testing 1170098676
200 1170098676
Testing 1170098678
200 1170098678
Testing 1170106415
404 1170106415
Testing 1170109407
200 1170109407
Testing 1170113426
404 1170113426
Testing 1170113810
200 1170113810
Testing 1170114641
200 1170114641
Testing 1170119282
200 1170119282
Testing 1170123055
200 1170123055
Testing 1170128257
404 1170128257
Testing 1170129922
200 1170129922
Testing 1170131897
200 1170131897
Testing 1170142134
200 1170142134
Testing 1170142259
404 1170142259
Testing 1170146608
200 1170146608
Testing 1170147237
200 1170147237
Testing 1170147998
200 1170147998
Testing 1170151868
200 1170151868
Testing 1170151869
200 1170151869
Testing 1170161995
404 1170161995
Testing 1170164044
200 1170164044
Testing 1170164050
200 1170164050
Testing 1170165083
404 1170165083
Testing 1170166808
200 1170166808
Testing 1170171142
200 1170171142
Testing 1170200090
200 1170200090
Testing 1170204618
404 1170204618
Testing 1170212732
200 1170212732
Testing 1170212905
200 1170212905
Testing 1170214730
200 1170214730
Testing 1170268932
200 1170268932
Testing 1170270609
200 1170270609
Testing 1170281392
200 1170281392
Testing 1170283471
200 1170283471
Testing 1170291733
200 1170291733
Testing 1170300918
200 1170300918
Testing 1170302179
200 1170302179
Testing 1170307328
200 1170307328
Testing 1170307653
200 1170307653
Testing 1170314723
200 1170314723
Testing 1170314729
200 1170314729
Testing 1170321235
200 1170321235
Testing 1170324785
200 1170324785
Testing 1170328253
200 1170328253
Testing 1170328254
200 1170328254
Testing 1170329762
200 1170329762
Testing 1170329774
200 1170329774
Testing 1170336741
200 1170336741
Testing 1170340108
200 1170340108
Testing 1170341371
200 1170341371
Testing 1170343984
200 1170343984
Testing 1170346977
404 1170346977
Testing 1170348330
404 1170348330
Testing 1170351094
404 1170351094
Testing 1170359029
200 1170359029
Testing 1170359033
200 1170359033
Testing 1170359772
200 1170359772
Testing 1170365793
200 1170365793
Testing 1170370095
200 1170370095
Testing 1170372197
404 1170372197
Testing 1170375610
200 1170375610
Testing 1170379293
200 1170379293
Testing 1170380606
200 1170380606
Testing 1170381539
200 1170381539
Testing 1170381544
200 1170381544
Testing 1170383147
404 1170383147
Testing 1170383611
200 1170383611
Testing 1170388377
200 1170388377
Testing 1170391467
200 1170391467
Testing 1170406120
200 1170406120
Testing 1170410592
200 1170410592
Testing 1170416881
404 1170416881
Testing 1170416980
200 1170416980
Testing 1170419264
200 1170419264
Testing 1170420635
200 1170420635
Testing 1170428182
200 1170428182
Testing 1170440204
200 1170440204
Testing 1170443992
200 1170443992
Testing 1170448575
200 1170448575
Testing 1170448891
200 1170448891
Testing 1170469422
200 1170469422
Testing 1170488584
200 1170488584
Testing 1170490601
200 1170490601
Testing 1170492593
200 1170492593
Testing 1170506659
200 1170506659
Testing 1170512644
200 1170512644
Testing 1170514896
200 1170514896
Testing 1170519095
200 1170519095
Testing 1170523878
200 1170523878
Testing 1170534349
200 1170534349
Testing 1170534575
200 1170534575
Testing 1170537665
200 1170537665
Testing 1170557310
200 1170557310
Testing 1170616006
200 1170616006
Testing 1170632371
200 1170632371
Testing 1170635094
200 1170635094
Testing 1170637209
200 1170637209
Testing 1170644347
200 1170644347
Testing 1170650808
200 1170650808
Testing 1170652255
200 1170652255
Testing 1170673105
200 1170673105
Testing 1170675642
200 1170675642
Testing 1170689169
200 1170689169
Testing 1170690364
200 1170690364
Testing 1170693425
404 1170693425
Testing 1170696833
200 1170696833
Testing 1170700780
200 1170700780
Testing 1170706257
404 1170706257
Testing 1170707614
200 1170707614
Testing 1170709370
200 1170709370
Testing 1170713821
200 1170713821
Testing 1170716459
200 1170716459
Testing 1170717067
200 1170717067
Testing 1170719520
200 1170719520
Testing 1170720141
200 1170720141
Testing 1170723492
200 1170723492
Testing 1170725198
200 1170725198
Testing 1170738083
200 1170738083
Testing 1170739842
200 1170739842
Testing 1170741613
200 1170741613
Testing 1170741805
200 1170741805
Testing 1170750876
200 1170750876
Testing 1170750877
200 1170750877
Testing 1170753414
200 1170753414
Testing 1170757491
200 1170757491
Testing 1170759985
404 1170759985
Testing 1170761780
200 1170761780
Testing 1170762442
200 1170762442
Testing 1170766833
200 1170766833
Testing 1170774154
404 1170774154
Testing 1170780237
200 1170780237
Testing 1170782242
200 1170782242
Testing 1170784043
200 1170784043
Testing 1170787474
200 1170787474
Testing 1170790058
200 1170790058
Testing 1170790710
200 1170790710
Testing 1170793887
200 1170793887
Testing 1170799067
200 1170799067
Testing 1170801039
200 1170801039
Testing 1170803246
404 1170803246
Testing 1170805589
200 1170805589
Testing 1170814244
200 1170814244
Testing 1170814247
200 1170814247
Testing 1170825075
200 1170825075
Testing 1170828901
200 1170828901
Testing 1170831186
404 1170831186
Testing 1170836897
200 1170836897
Testing 1170839175
200 1170839175
Testing 1170848302
200 1170848302
Testing 1170852683
200 1170852683
Testing 1170860387
200 1170860387
Testing 1170871888
200 1170871888
Testing 1170874992
200 1170874992
Testing 1170877015
200 1170877015
Testing 1170888279
200 1170888279
Testing 1170890132
200 1170890132
Testing 1170890645
200 1170890645
Testing 1170915544
200 1170915544
Testing 1170917300
200 1170917300
Testing 1170929515
200 1170929515
Testing 1171049787
200 1171049787
Testing 1171062129
404 1171062129
Testing 1171064597
200 1171064597
Testing 1171081461
200 1171081461
Testing 1171081897
200 1171081897
Testing 1171082565
200 1171082565
Testing 1171089378
404 1171089378
Testing 1171106288
200 1171106288
Testing 1171112442
200 1171112442
Testing 1171135529
404 1171135529
Testing 1171137171
200 1171137171
Testing 1171138924
200 1171138924
Testing 1171189414
200 1171189414
Testing 1171191023
200 1171191023
Testing 1171191778
404 1171191778
Testing 1171210121
200 1171210121
Testing 1171223951
200 1171223951
Testing 1171258965
200 1171258965
Testing 1171262577
404 1171262577
Testing 1171272051
200 1171272051
Testing 1171339458
200 1171339458
Testing 1171509345
200 1171509345
Testing 1171543390
404 1171543390
Testing 1171668456
404 1171668456
Testing 1171669616
200 1171669616
Testing 1171672422
200 1171672422
Testing 1171684493
200 1171684493
Testing 1171687353
200 1171687353
Testing 1171703324
200 1171703324
Testing 1171719461
200 1171719461
Testing 1171835038
200 1171835038
Testing 1171842926
404 1171842926
Testing 1171845633
200 1171845633
Testing 1171849288
404 1171849288
Testing 1171859133
200 1171859133
Testing 1171862228
404 1171862228
Testing 1171864328
200 1171864328
Testing 1171869256
200 1171869256
Testing 1171874628
200 1171874628
Testing 1171891505
404 1171891505
Testing 1171893649
200 1171893649
Testing 1171897112
200 1171897112
Testing 1171914483
200 1171914483
Testing 1171914484
200 1171914484
Testing 1171920061
200 1171920061
Testing 1171927969
200 1171927969
Testing 1171945081
404 1171945081
Testing 1171948199
200 1171948199
Testing 1171962385
200 1171962385
Testing 1171962386
200 1171962386
Testing 1171962715
200 1171962715
Testing 1171963394
200 1171963394
Testing 1171964708
200 1171964708
Testing 1171965000
404 1171965000
Testing 1171967950
200 1171967950
Testing 1171970393
200 1171970393
Testing 1171970667
200 1171970667
Testing 1171971430
200 1171971430
Testing 1171972009
404 1171972009
Testing 1171972011
200 1171972011
Testing 1171973954
200 1171973954
Testing 1171973957
200 1171973957
Testing 1171974765
200 1171974765
Testing 1171979382
200 1171979382
Testing 1171979990
404 1171979990
Testing 1171986215
200 1171986215
Testing 1171986351
200 1171986351
Testing 1171986352
200 1171986352
Testing 1171987048
200 1171987048
Testing 1171989261
200 1171989261
Testing 1171991083
200 1171991083
Testing 1171991859
200 1171991859
Testing 1171992209
200 1171992209
Testing 1171994231
404 1171994231
Testing 1171996907
200 1171996907
Testing 1171997191
200 1171997191
Testing 1171998054
200 1171998054
Testing 1171999889
200 1171999889
Testing 1171999971
200 1171999971
Testing 1172000686
200 1172000686
Testing 1172007448
404 1172007448
Testing 1172008407
200 1172008407
Testing 1172009380
404 1172009380
Testing 1172009479
200 1172009479
Testing 1172011455
200 1172011455
Testing 1172012304
200 1172012304
Testing 1172012306
200 1172012306
Testing 1172012791
200 1172012791
Testing 1172013086
200 1172013086
Testing 1172015644
200 1172015644
Testing 1172021455
404 1172021455
Testing 1172023379
200 1172023379
Testing 1172027321
200 1172027321
Testing 1172031808
404 1172031808
Testing 1172032384
200 1172032384
Testing 1172040678
200 1172040678
Testing 1172041335
200 1172041335
Testing 1172042091
404 1172042091
Testing 1172044398
200 1172044398
Testing 1172048076
200 1172048076
Testing 1172055726
200 1172055726
Testing 1172057909
200 1172057909
Testing 1172061222
200 1172061222
Testing 1172069624
200 1172069624
Testing 1172073238
200 1172073238
Testing 1172075430
200 1172075430
Testing 1172083382
200 1172083382
Testing 1172085405
404 1172085405
Testing 1172085679
200 1172085679
Testing 1172093484
200 1172093484
Testing 1172095311
200 1172095311
Testing 1172096809
200 1172096809
Testing 1172102362
200 1172102362
Testing 1172106980
200 1172106980
Testing 1172116560
200 1172116560
Testing 1172120610
200 1172120610
Testing 1172128950
200 1172128950
Testing 1172129923
200 1172129923
Testing 1172132605
200 1172132605
Testing 1172173582
200 1172173582
Testing 1172203048
200 1172203048
Testing 1172205092
200 1172205092
Testing 1172206735
404 1172206735
Testing 1172207645
200 1172207645
Testing 1172208058
404 1172208058
Testing 1172223106
200 1172223106
Testing 1172225785
200 1172225785
Testing 1172230274
404 1172230274
Testing 1172231030
200 1172231030
Testing 1172235281
200 1172235281
Testing 1172238615
200 1172238615
Testing 1172251343
200 1172251343
Testing 1172251344
200 1172251344
Testing 1172251480
404 1172251480
Testing 1172255534
200 1172255534
Testing 1172256834
200 1172256834
Testing 1172259915
200 1172259915
Testing 1172264181
200 1172264181
Testing 1172264184
200 1172264184
Testing 1172270871
200 1172270871
Testing 1172272528
404 1172272528
Testing 1172273406
200 1172273406
Testing 1172277693
200 1172277693
Testing 1172281390
200 1172281390
Testing 1172289187
200 1172289187
Testing 1172294946
200 1172294946
Testing 1172294947
200 1172294947
Testing 1172295899
200 1172295899
Testing 1172298725
200 1172298725
Testing 1172301533
200 1172301533
Testing 1172301535
404 1172301535
Testing 1172317730
200 1172317730
Testing 1172318165
200 1172318165
Testing 1172320781
200 1172320781
Testing 1172327506
404 1172327506
Testing 1172329655
404 1172329655
Testing 1172331590
200 1172331590
Testing 1172331592
200 1172331592
Testing 1172346480
200 1172346480
Testing 1172363498
200 1172363498
Testing 1172363502
200 1172363502
Testing 1172364137
200 1172364137
Testing 1172365835
200 1172365835
Testing 1172369143
200 1172369143
Testing 1172391195
200 1172391195
Testing 1172392125
200 1172392125
Testing 1172392673
404 1172392673
Testing 1172398075
200 1172398075
Testing 1172401040
200 1172401040
Testing 1172402048
200 1172402048
Testing 1172407749
404 1172407749
Testing 1172410726
200 1172410726
Testing 1172411251
200 1172411251
Testing 1172425710
200 1172425710
Testing 1172433845
200 1172433845
Testing 1172523634
404 1172523634
Testing 1172536979
200 1172536979
Testing 1172572948
200 1172572948
Testing 1172579558
200 1172579558
Testing 1172584650
200 1172584650
Testing 1172588073
200 1172588073
Testing 1172610792
200 1172610792
Testing 1172612201
200 1172612201
Testing 1172621440
404 1172621440
Testing 1172629839
200 1172629839
Testing 1172638189
200 1172638189
Testing 1172649013
200 1172649013
Testing 1172649693
200 1172649693
Testing 1172655855
200 1172655855
Testing 1172657755
200 1172657755
Testing 1172657767
200 1172657767
Testing 1172658106
200 1172658106
Testing 1172659031
200 1172659031
Testing 1172662116
200 1172662116
Testing 1172662119
200 1172662119
Testing 1172665466
200 1172665466
Testing 1172671387
200 1172671387
Testing 1172671394
200 1172671394
Testing 1172674279
200 1172674279
Testing 1172679231
200 1172679231
Testing 1172681585
200 1172681585
Testing 1172685118
200 1172685118
Testing 1172689329
200 1172689329
Testing 1172689911
200 1172689911
Testing 1172695568
200 1172695568
Testing 1172697836
200 1172697836
Testing 1172698837
200 1172698837
Testing 1172707984
404 1172707984
Testing 1172708234
404 1172708234
Testing 1172712426
404 1172712426
Testing 1172716013
200 1172716013
Testing 1172720344
404 1172720344
Testing 1172720632
404 1172720632
Testing 1172721850
200 1172721850
Testing 1172725509
404 1172725509
Testing 1172730640
200 1172730640
Testing 1172735394
200 1172735394
Testing 1172735940
200 1172735940
Testing 1172736199
200 1172736199
Testing 1172739718
200 1172739718
Testing 1172740410
200 1172740410
Testing 1172741294
200 1172741294
Testing 1172746130
200 1172746130
Testing 1172752698
200 1172752698
Testing 1172759692
200 1172759692
Testing 1172763466
200 1172763466
Testing 1172764029
200 1172764029
Testing 1172764804
404 1172764804
Testing 1172769514
200 1172769514
Testing 1172770718
200 1172770718
Testing 1172776178
200 1172776178
Testing 1172778112
404 1172778112
Testing 1172781636
404 1172781636
Testing 1172782358
200 1172782358
Testing 1172785903
200 1172785903
Testing 1172787480
200 1172787480
Testing 1172795695
200 1172795695
Testing 1172798570
200 1172798570
Testing 1172798573
200 1172798573
Testing 1172810609
200 1172810609
Testing 1172812901
200 1172812901
Testing 1172815999
200 1172815999
Testing 1172818971
200 1172818971
Testing 1172820482
200 1172820482
Testing 1172825747
200 1172825747
Testing 1172836763
404 1172836763
Testing 1172838954
404 1172838954
Testing 1172843491
200 1172843491
Testing 1172853742
200 1172853742
Testing 1172860313
200 1172860313
Testing 1172864636
200 1172864636
Testing 1172873958
200 1172873958
Testing 1172874922
200 1172874922
Testing 1172876965
200 1172876965
Testing 1172876967
200 1172876967
Testing 1172877520
200 1172877520
Testing 1172881041
200 1172881041
Testing 1172941173
200 1172941173
Testing 1172945400
200 1172945400
Testing 1172954936
200 1172954936
Testing 1172956880
200 1172956880
Testing 1172961155
200 1172961155
Testing 1172962616
200 1172962616
Testing 1172962617
200 1172962617
Testing 1172962955
200 1172962955
Testing 1172964343
200 1172964343
Testing 1172964644
200 1172964644
Testing 1172968492
200 1172968492
Testing 1172968494
200 1172968494
Testing 1172972642
200 1172972642
Testing 1172977448
200 1172977448
Testing 1172977449
200 1172977449
Testing 1172982910
200 1172982910
Testing 1172982913
404 1172982913
Testing 1172989896
200 1172989896
Testing 1172990564
200 1172990564
Testing 1172990696
200 1172990696
Testing 1172992409
404 1172992409
Testing 1172992411
404 1172992411
Testing 1172992980
404 1172992980
Testing 1172993302
200 1172993302
Testing 1172994572
200 1172994572
Testing 1172995013
200 1172995013
Testing 1172995018
404 1172995018
Testing 1173000333
200 1173000333
Testing 1173000336
200 1173000336
Testing 1173001052
200 1173001052
Testing 1173003310
200 1173003310
Testing 1173003313
200 1173003313
Testing 1173005767
200 1173005767
Testing 1173005770
200 1173005770
Testing 1173006235
404 1173006235
Testing 1173008577
200 1173008577
Testing 1173010484
200 1173010484
Testing 1173011590
200 1173011590
Testing 1173011769
200 1173011769
Testing 1173012103
404 1173012103
Testing 1173014024
404 1173014024
Testing 1173014832
200 1173014832
Testing 1173014971
200 1173014971
Testing 1173017578
404 1173017578
Testing 1173018278
200 1173018278
Testing 1173021915
200 1173021915
Testing 1173021917
200 1173021917
Testing 1173022851
200 1173022851
Testing 1173022973
200 1173022973
Testing 1173033585
200 1173033585
Testing 1173036484
200 1173036484
Testing 1173037904
200 1173037904
Testing 1173038778
200 1173038778
Testing 1173042136
200 1173042136
Testing 1173042942
200 1173042942
Testing 1173042945
200 1173042945
Testing 1173043370
200 1173043370
Testing 1173044630
200 1173044630
Testing 1173045439
200 1173045439
Testing 1173045837
200 1173045837
Testing 1173046715
200 1173046715
Testing 1173048971
200 1173048971
Testing 1173049053
200 1173049053
Testing 1173049814
200 1173049814
Testing 1173050714
200 1173050714
Testing 1173051046
404 1173051046
Testing 1173051048
404 1173051048
Testing 1173051332
200 1173051332
Testing 1173051806
200 1173051806
Testing 1173052207
200 1173052207
Testing 1173053542
200 1173053542
Testing 1173053870
200 1173053870
Testing 1173057343
200 1173057343
Testing 1173058007
200 1173058007
Testing 1173058771
200 1173058771
Testing 1173060797
200 1173060797
Testing 1173061620
404 1173061620
Testing 1173063746
200 1173063746
Testing 1173065417
200 1173065417
Testing 1173065419
200 1173065419
Testing 1173072558
200 1173072558
Testing 1173072614
404 1173072614
Testing 1173072922
200 1173072922
Testing 1173074910
200 1173074910
Testing 1173075189
200 1173075189
Testing 1173076827
200 1173076827
Testing 1173076910
200 1173076910
Testing 1173078620
404 1173078620
Testing 1173079688
200 1173079688
Testing 1173080042
200 1173080042
Testing 1173081533
200 1173081533
Testing 1173081862
200 1173081862
Testing 1173088753
200 1173088753
Testing 1173089035
200 1173089035
Testing 1173090071
200 1173090071
Testing 1173091356
404 1173091356
Testing 1173091393
200 1173091393
Testing 1173092166
200 1173092166
Testing 1173102646
200 1173102646
Testing 1173102675
200 1173102675
Testing 1173102921
200 1173102921
Testing 1173103992
404 1173103992
Testing 1173104530
404 1173104530
Testing 1173111490
200 1173111490
Testing 1173112971
200 1173112971
Testing 1173113187
200 1173113187
Testing 1173124352
200 1173124352
Testing 1173130169
404 1173130169
Testing 1173160638
200 1173160638
Testing 1173163872
404 1173163872
Testing 1173170339
200 1173170339
Testing 1173174078
200 1173174078
Testing 1173174170
200 1173174170
Testing 1173174604
200 1173174604
Testing 1173177300
200 1173177300
Testing 1173179575
200 1173179575
Testing 1173180459
200 1173180459
Testing 1173182651
200 1173182651
Testing 1173185211
200 1173185211
Testing 1173185654
200 1173185654
Testing 1173186608
200 1173186608
Testing 1173186767
200 1173186767
Testing 1173187983
200 1173187983
Testing 1173187985
200 1173187985
Testing 1173188462
404 1173188462
Testing 1173191527
200 1173191527
Testing 1173192316
200 1173192316
Testing 1173192617
200 1173192617
Testing 1173192892
200 1173192892
Testing 1173192986
200 1173192986
Testing 1173194120
200 1173194120
Testing 1173196064
200 1173196064
Testing 1173196455
200 1173196455
Testing 1173199363
200 1173199363
Testing 1173200210
200 1173200210
Testing 1173201144
200 1173201144
Testing 1173203265
200 1173203265
Testing 1173204833
200 1173204833
Testing 1173206013
200 1173206013
Testing 1173207323
404 1173207323
Testing 1173207858
200 1173207858
Testing 1173209148
200 1173209148
Testing 1173210164
404 1173210164
Testing 1173211508
200 1173211508
Testing 1173213937
200 1173213937
Testing 1173213941
200 1173213941
Testing 1173214548
200 1173214548
Testing 1173223864
200 1173223864
Testing 1173228229
404 1173228229
Testing 1173229740
200 1173229740
Testing 1173229814
200 1173229814
Testing 1173230439
200 1173230439
Testing 1173233438
200 1173233438
Testing 1173235300
200 1173235300
Testing 1173235974
200 1173235974
Testing 1173236298
200 1173236298
Testing 1173237080
200 1173237080
Testing 1173237737
200 1173237737
Testing 1173240614
200 1173240614
Testing 1173241910
200 1173241910
Testing 1173241913
200 1173241913
Testing 1173242234
200 1173242234
Testing 1173242937
200 1173242937
Testing 1173242939
200 1173242939
Testing 1173243541
200 1173243541
Testing 1173244154
404 1173244154
Testing 1173244754
200 1173244754
Testing 1173246302
404 1173246302
Testing 1173246873
200 1173246873
Testing 1173247188
200 1173247188
Testing 1173247748
200 1173247748
Testing 1173249731
200 1173249731
Testing 1173249990
200 1173249990
Testing 1173250263
200 1173250263
Testing 1173252181
200 1173252181
Testing 1173254954
404 1173254954
Testing 1173257673
200 1173257673
Testing 1173258693
200 1173258693
Testing 1173262148
200 1173262148
Testing 1173262400
200 1173262400
Testing 1173266488
200 1173266488
Testing 1173266489
404 1173266489
Testing 1173268509
200 1173268509
Testing 1173268755
200 1173268755
Testing 1173280569
200 1173280569
Testing 1173283191
200 1173283191
Testing 1173284484
200 1173284484
Testing 1173285320
200 1173285320
Testing 1173322478
200 1173322478
Testing 1173324559
200 1173324559
Testing 1173327435
200 1173327435
Testing 1173329490
404 1173329490
Testing 1173331946
200 1173331946
Testing 1173336403
200 1173336403
Testing 1173337004
200 1173337004
Testing 1173338564
200 1173338564
Testing 1173340941
200 1173340941
Testing 1173346940
200 1173346940
Testing 1173347249
200 1173347249
Testing 1173348943
200 1173348943
Testing 1173350299
200 1173350299
Testing 1173351610
200 1173351610
Testing 1173352245
200 1173352245
Testing 1173352309
200 1173352309
Testing 1173356355
200 1173356355
Testing 1173356356
200 1173356356
Testing 1173356638
200 1173356638
Testing 1173359191
200 1173359191
Testing 1173359450
200 1173359450
Testing 1173362438
200 1173362438
Testing 1173366065
404 1173366065
Testing 1173367499
200 1173367499
Testing 1173370398
404 1173370398
Testing 1173374004
200 1173374004
Testing 1173385699
200 1173385699
Testing 1173388001
200 1173388001
Testing 1173389250
200 1173389250
Testing 1173389481
200 1173389481
Testing 1173392675
200 1173392675
Testing 1173393370
404 1173393370
Testing 1173394073
200 1173394073
Testing 1173395429
200 1173395429
Testing 1173397399
404 1173397399
Testing 1173398073
200 1173398073
Testing 1173398710
200 1173398710
Testing 1173400950
200 1173400950
Testing 1173400951
200 1173400951
Testing 1173404424
404 1173404424
Testing 1173411638
200 1173411638
Testing 1173418150
200 1173418150
Testing 1173457348
200 1173457348
Testing 1173465336
200 1173465336
Testing 1173466359
200 1173466359
Testing 1173468978
200 1173468978
Testing 1173469478
200 1173469478
Testing 1173469480
200 1173469480
Testing 1173469992
200 1173469992
Testing 1173475465
200 1173475465
Testing 1173478139
200 1173478139
Testing 1173479475
200 1173479475
Testing 1173481895
404 1173481895
Testing 1173484901
200 1173484901
Testing 1173486955
200 1173486955
Testing 1173487679
200 1173487679
Testing 1173488141
200 1173488141
Testing 1173488393
200 1173488393
Testing 1173488870
200 1173488870
Testing 1173490586
404 1173490586
Testing 1173494344
404 1173494344
Testing 1173502404
200 1173502404
Testing 1173502865
404 1173502865
Testing 1173513735
200 1173513735
Testing 1173515631
200 1173515631
Testing 1173516789
200 1173516789
Testing 1173519936
200 1173519936
Testing 1173523276
200 1173523276
Testing 1173525933
200 1173525933
Testing 1173531483
404 1173531483
Testing 1173531717
200 1173531717
Testing 1173533490
200 1173533490
Testing 1173533942
200 1173533942
Testing 1173541188
200 1173541188
Testing 1173544777
200 1173544777
Testing 1173544778
200 1173544778
Testing 1173577478
200 1173577478
Testing 1173578020
200 1173578020
Testing 1173581421
200 1173581421
Testing 1173583919
200 1173583919
Testing 1173584712
200 1173584712
Testing 1173585353
200 1173585353
Testing 1173590907
404 1173590907
Testing 1173591794
200 1173591794
Testing 1173592203
200 1173592203
Testing 1173593426
200 1173593426
Testing 1173593650
200 1173593650
Testing 1173594884
200 1173594884
Testing 1173598059
404 1173598059
Testing 1173598955
404 1173598955
Testing 1173599074
200 1173599074
Testing 1173599282
200 1173599282
Testing 1173599638
200 1173599638
Testing 1173610161
200 1173610161
Testing 1173610166
200 1173610166
Testing 1173612303
200 1173612303
Testing 1173612955
200 1173612955
Testing 1173613288
200 1173613288
Testing 1173613290
200 1173613290
Testing 1173614392
404 1173614392
Testing 1173614869
200 1173614869
Testing 1173616988
200 1173616988
Testing 1173616989
200 1173616989
Testing 1173617072
200 1173617072
Testing 1173617380
404 1173617380
Testing 1173617849
200 1173617849
Testing 1173617851
404 1173617851
Testing 1173618286
200 1173618286
Testing 1173618374
200 1173618374
Testing 1173619085
200 1173619085
Testing 1173619603
200 1173619603
Testing 1173620253
200 1173620253
Testing 1173621880
200 1173621880
Testing 1173623624
200 1173623624
Testing 1173624932
200 1173624932
Testing 1173626288
200 1173626288
Testing 1173626902
200 1173626902
Testing 1173627633
200 1173627633
Testing 1173627706
200 1173627706
Testing 1173628016
200 1173628016
Testing 1173628151
200 1173628151
Testing 1173628449
404 1173628449
Testing 1173629165
200 1173629165
Testing 1173632808
200 1173632808
Testing 1173632811
200 1173632811
Testing 1173632912
200 1173632912
Testing 1173634355
200 1173634355
Testing 1173634358
404 1173634358
Testing 1173635427
404 1173635427
Testing 1173635428
200 1173635428
Testing 1173636602
200 1173636602
Testing 1173637093
200 1173637093
Testing 1173637415
200 1173637415
Testing 1173638718
404 1173638718
Testing 1173639585
200 1173639585
Testing 1173640755
200 1173640755
Testing 1173641119
200 1173641119
Testing 1173641828
200 1173641828
Testing 1173641829
200 1173641829
Testing 1173642889
200 1173642889
Testing 1173643696
200 1173643696
Testing 1173644526
200 1173644526
Testing 1173644702
200 1173644702
Testing 1173645127
200 1173645127
Testing 1173647623
200 1173647623
Testing 1173647700
404 1173647700
Testing 1173650417
200 1173650417
Testing 1173652377
200 1173652377
Testing 1173652719
200 1173652719
Testing 1173654745
200 1173654745
Testing 1173654746
200 1173654746
Testing 1173658032
200 1173658032
Testing 1173658034
200 1173658034
Testing 1173661766
404 1173661766
Testing 1173661931
200 1173661931
Testing 1173666873
404 1173666873
Testing 1173666874
200 1173666874
Testing 1173667624
200 1173667624
Testing 1173668031
200 1173668031
Testing 1173668034
404 1173668034
Testing 1173668353
404 1173668353
Testing 1173668830
200 1173668830
Testing 1173669972
200 1173669972
Testing 1173670965
200 1173670965
Testing 1173671116
404 1173671116
Testing 1173671889
200 1173671889
Testing 1173671893
200 1173671893
Testing 1173672883
200 1173672883
Testing 1173672886
404 1173672886
Testing 1173673986
200 1173673986
Testing 1173674015
404 1173674015
Testing 1173674774
200 1173674774
Testing 1173675474
200 1173675474
Testing 1173675891
200 1173675891
Testing 1173676137
200 1173676137
Testing 1173676138
404 1173676138
Testing 1173677274
200 1173677274
Testing 1173678850
200 1173678850
Testing 1173679364
404 1173679364
Testing 1173680046
200 1173680046
Testing 1173682990
404 1173682990
Testing 1173683830
200 1173683830
Testing 1173684757
404 1173684757
Testing 1173687279
404 1173687279
Testing 1173688152
200 1173688152
Testing 1173688917
200 1173688917
Testing 1173690882
200 1173690882
Testing 1173690885
200 1173690885
Testing 1173697287
200 1173697287
Testing 1173700932
200 1173700932
Testing 1173701187
200 1173701187
Testing 1173701741
200 1173701741
Testing 1173704070
404 1173704070
Testing 1173705063
200 1173705063
Testing 1173707532
200 1173707532
Testing 1173708023
200 1173708023
Testing 1173708500
200 1173708500
Testing 1173709437
200 1173709437
Testing 1173712355
200 1173712355
Testing 1173712902
404 1173712902
Testing 1173720681
200 1173720681
Testing 1173720705
200 1173720705
Testing 1173749146
404 1173749146
Testing 1173755922
200 1173755922
Testing 1173758024
200 1173758024
Testing 1173762024
200 1173762024
Testing 1173764866
404 1173764866
Testing 1173765169
200 1173765169
Testing 1173771383
200 1173771383
Testing 1173771385
404 1173771385
Testing 1173776863
200 1173776863
Testing 1173776864
200 1173776864
Testing 1173783029
200 1173783029
Testing 1173783480
404 1173783480
Testing 1173786004
200 1173786004
Testing 1173792830
200 1173792830
Testing 1173793598
200 1173793598
Testing 1173795142
200 1173795142
Testing 1173797442
200 1173797442
Testing 1173798068
200 1173798068
Testing 1173798646
200 1173798646
Testing 1173799021
200 1173799021
Testing 1173799022
200 1173799022
Testing 1173800790
200 1173800790
Testing 1173801621
404 1173801621
Testing 1173802227
200 1173802227
Testing 1173804731
404 1173804731
Testing 1173804835
200 1173804835
Testing 1173804836
200 1173804836
Testing 1173806085
404 1173806085
Testing 1173807641
404 1173807641
Testing 1173811812
200 1173811812
Testing 1173811818
404 1173811818
Testing 1173813793
200 1173813793
Testing 1173816206
200 1173816206
Testing 1173816293
200 1173816293
Testing 1173818232
200 1173818232
Testing 1173820095
200 1173820095
Testing 1173820591
200 1173820591
Testing 1173820730
200 1173820730
Testing 1173821056
200 1173821056
Testing 1173821439
200 1173821439
Testing 1173821742
200 1173821742
Testing 1173822405
404 1173822405
Testing 1173822684
200 1173822684
Testing 1173822688
200 1173822688
Testing 1173822689
200 1173822689
Testing 1173824641
200 1173824641
Testing 1173824745
200 1173824745
Testing 1173824746
200 1173824746
Testing 1173825230
200 1173825230
Testing 1173825513
200 1173825513
Testing 1173826743
200 1173826743
Testing 1173827730
200 1173827730
Testing 1173828751
404 1173828751
Testing 1173830781
200 1173830781
Testing 1173831117
200 1173831117
Testing 1173831324
200 1173831324
Testing 1173831328
404 1173831328
Testing 1173832309
200 1173832309
Testing 1173834153
200 1173834153
Testing 1173836452
200 1173836452
Testing 1173836453
404 1173836453
Testing 1173836824
404 1173836824
Testing 1173837312
200 1173837312
Testing 1173838557
200 1173838557
Testing 1173838964
200 1173838964
Testing 1173838965
200 1173838965
Testing 1173841142
200 1173841142
Testing 1173842593
200 1173842593
Testing 1173842694
200 1173842694
Testing 1173842697
200 1173842697
Testing 1173844053
404 1173844053
Testing 1173844377
200 1173844377
Testing 1173844610
200 1173844610
Testing 1173845782
404 1173845782
Testing 1173846911
404 1173846911
Testing 1173847848
200 1173847848
Testing 1173848277
200 1173848277
Testing 1173848278
200 1173848278
Testing 1173848804
404 1173848804
Testing 1173851125
404 1173851125
Testing 1173852729
200 1173852729
Testing 1173852734
200 1173852734
Testing 1173855133
200 1173855133
Testing 1173855402
200 1173855402
Testing 1173855580
200 1173855580
Testing 1173857395
200 1173857395
Testing 1173858416
200 1173858416
Testing 1173859926
404 1173859926
Testing 1173860402
200 1173860402
Testing 1173861873
404 1173861873
Testing 1173862107
200 1173862107
Testing 1173863843
404 1173863843
Testing 1173865920
404 1173865920
Testing 1173867122
200 1173867122
Testing 1173873768
200 1173873768
Testing 1173876030
200 1173876030
Testing 1173878853
404 1173878853
Testing 1173879371
200 1173879371
Testing 1173880834
200 1173880834
Testing 1173881287
200 1173881287
Testing 1173882852
404 1173882852
Testing 1173883808
200 1173883808
Testing 1173885235
200 1173885235
Testing 1173885418
200 1173885418
Testing 1173885423
200 1173885423
Testing 1173887856
200 1173887856
Testing 1173889938
404 1173889938
Testing 1173889941
404 1173889941
Testing 1173890489
200 1173890489
Testing 1173892952
200 1173892952
Testing 1173892956
404 1173892956
Testing 1173892957
200 1173892957
Testing 1173892958
404 1173892958
Testing 1173894343
200 1173894343
Testing 1173897471
200 1173897471
Testing 1173901482
200 1173901482
Testing 1173901807
200 1173901807
Testing 1173901808
404 1173901808
Testing 1173907383
200 1173907383
Testing 1173907672
404 1173907672
Testing 1173915373
200 1173915373
Testing 1173915417
200 1173915417
Testing 1173917758
200 1173917758
Testing 1173925026
200 1173925026
Testing 1173930336
200 1173930336
Testing 1173936881
404 1173936881
Testing 1173964921
200 1173964921
Testing 1173971645
200 1173971645
Testing 1173976262
200 1173976262
Testing 1173985801
200 1173985801
Testing 1173986558
200 1173986558
Testing 1173986573
200 1173986573
Testing 1173991769
200 1173991769
Testing 1173998597
200 1173998597
Testing 1174020125
200 1174020125
Testing 1174020898
200 1174020898
Testing 1174022644
200 1174022644
Testing 1174024167
404 1174024167
Testing 1174025160
200 1174025160
Testing 1174029826
200 1174029826
Testing 1174031157
200 1174031157
Testing 1174031801
200 1174031801
Testing 1174031802
404 1174031802
Testing 1174032082
200 1174032082
Testing 1174032616
200 1174032616
Testing 1174037199
200 1174037199
Testing 1174037200
404 1174037200
Testing 1174039448
200 1174039448
Testing 1174040068
200 1174040068
Testing 1174040908
404 1174040908
Testing 1174041437
404 1174041437
Testing 1174043270
200 1174043270
Testing 1174043378
404 1174043378
Testing 1174044002
200 1174044002
Testing 1174044558
200 1174044558
Testing 1174044559
200 1174044559
Testing 1174044650
200 1174044650
Testing 1174045989
200 1174045989
Testing 1174046092
200 1174046092
Testing 1174046374
404 1174046374
Testing 1174046548
200 1174046548
Testing 1174046693
200 1174046693
Testing 1174047473
200 1174047473
Testing 1174048031
200 1174048031
Testing 1174048123
200 1174048123
Testing 1174048127
404 1174048127
Testing 1174049015
200 1174049015
Testing 1174049022
200 1174049022
Testing 1174049136
404 1174049136
Testing 1174049763
200 1174049763
Testing 1174050100
200 1174050100
Testing 1174050223
200 1174050223
Testing 1174050224
200 1174050224
Testing 1174052556
200 1174052556
Testing 1174053074
200 1174053074
Testing 1174053619
404 1174053619
Testing 1174054033
200 1174054033
Testing 1174054449
200 1174054449
Testing 1174055573
200 1174055573
Testing 1174055575
200 1174055575
Testing 1174055707
200 1174055707
Testing 1174055994
200 1174055994
Testing 1174058675
200 1174058675
Testing 1174058936
200 1174058936
Testing 1174059483
200 1174059483
Testing 1174060651
200 1174060651
Testing 1174060652
404 1174060652
Testing 1174061053
200 1174061053
Testing 1174061054
200 1174061054
Testing 1174062048
200 1174062048
Testing 1174062491
200 1174062491
Testing 1174062827
200 1174062827
Testing 1174062903
200 1174062903
Testing 1174063284
404 1174063284
Testing 1174063286
200 1174063286
Testing 1174063289
200 1174063289
Testing 1174064163
200 1174064163
Testing 1174065565
200 1174065565
Testing 1174065694
200 1174065694
Testing 1174065695
200 1174065695
Testing 1174065780
200 1174065780
Testing 1174066185
200 1174066185
Testing 1174066187
200 1174066187
Testing 1174066741
200 1174066741
Testing 1174066744
200 1174066744
Testing 1174066746
200 1174066746
Testing 1174066747
200 1174066747
Testing 1174067774
200 1174067774
Testing 1174067775
404 1174067775
Testing 1174068134
200 1174068134
Testing 1174068453
200 1174068453
Testing 1174068538
200 1174068538
Testing 1174071327
200 1174071327
Testing 1174071330
404 1174071330
Testing 1174071757
200 1174071757
Testing 1174071860
200 1174071860
Testing 1174071865
200 1174071865
Testing 1174072095
404 1174072095
Testing 1174072096
200 1174072096
Testing 1174072476
200 1174072476
Testing 1174072565
200 1174072565
Testing 1174072637
200 1174072637
Testing 1174072974
200 1174072974
Testing 1174073181
200 1174073181
Testing 1174073182
404 1174073182
Testing 1174073418
404 1174073418
Testing 1174073420
200 1174073420
Testing 1174073644
200 1174073644
Testing 1174074363
200 1174074363
Testing 1174074657
200 1174074657
Testing 1174074658
200 1174074658
Testing 1174075671
200 1174075671
Testing 1174075847
200 1174075847
Testing 1174076588
200 1174076588
Testing 1174076902
200 1174076902
Testing 1174077813
200 1174077813
Testing 1174078587
200 1174078587
Testing 1174078971
200 1174078971
Testing 1174079375
200 1174079375
Testing 1174079376
200 1174079376
Testing 1174080194
200 1174080194
Testing 1174080484
404 1174080484
Testing 1174081519
200 1174081519
Testing 1174082107
200 1174082107
Testing 1174082182
200 1174082182
Testing 1174082384
200 1174082384
Testing 1174082858
200 1174082858
Testing 1174083489
200 1174083489
Testing 1174083491
200 1174083491
Testing 1174083593
404 1174083593
Testing 1174084161
200 1174084161
Testing 1174084162
200 1174084162
Testing 1174084622
200 1174084622
Testing 1174084832
200 1174084832
Testing 1174084893
404 1174084893
Testing 1174087375
404 1174087375
Testing 1174087376
200 1174087376
Testing 1174087414
200 1174087414
Testing 1174087415
200 1174087415
Testing 1174087416
200 1174087416
Testing 1174087495
200 1174087495
Testing 1174087810
404 1174087810
Testing 1174087818
200 1174087818
Testing 1174088678
200 1174088678
Testing 1174088681
200 1174088681
Testing 1174089430
200 1174089430
Testing 1174090121
200 1174090121
Testing 1174091265
404 1174091265
Testing 1174092557
404 1174092557
Testing 1174092605
404 1174092605
Testing 1174092608
200 1174092608
Testing 1174094826
200 1174094826
Testing 1174095289
404 1174095289
Testing 1174095291
404 1174095291
Testing 1174095293
200 1174095293
Testing 1174096245
404 1174096245
Testing 1174099478
200 1174099478
Testing 1174099480
200 1174099480
Testing 1174100750
200 1174100750
Testing 1174101604
200 1174101604
Testing 1174102104
200 1174102104
Testing 1174103361
200 1174103361
Testing 1174104335
200 1174104335
Testing 1174108833
200 1174108833
Testing 1174109296
200 1174109296
Testing 1174111164
200 1174111164
Testing 1174111166
200 1174111166
Testing 1174111631
200 1174111631
Testing 1174113414
200 1174113414
Testing 1174114891
200 1174114891
Testing 1174115056
404 1174115056
Testing 1174117649
200 1174117649
Testing 1174118642
404 1174118642
Testing 1174119176
200 1174119176
Testing 1174119338
200 1174119338
Testing 1174120208
200 1174120208
Testing 1174121118
200 1174121118
Testing 1174121275
200 1174121275
Testing 1174121470
200 1174121470
Testing 1174122182
404 1174122182
Testing 1174122183
404 1174122183
Testing 1174122184
200 1174122184
Testing 1174122233
404 1174122233
Testing 1174122906
200 1174122906
Testing 1174122907
200 1174122907
Testing 1174125359
200 1174125359
Testing 1174126864
200 1174126864
Testing 1174126896
200 1174126896
Testing 1174127000
404 1174127000
Testing 1174127077
200 1174127077
Testing 1174127262
200 1174127262
Testing 1174127408
200 1174127408
Testing 1174131712
404 1174131712
Testing 1174131809
200 1174131809
Testing 1174131821
200 1174131821
Testing 1174131855
200 1174131855
Testing 1174132519
200 1174132519
Testing 1174132586
200 1174132586
Testing 1174132965
200 1174132965
Testing 1174134971
200 1174134971
Testing 1174137060
200 1174137060
Testing 1174137484
200 1174137484
Testing 1174138314
200 1174138314
Testing 1174138379
200 1174138379
Testing 1174138380
200 1174138380
Testing 1174139758
200 1174139758
Testing 1174141380
200 1174141380
Testing 1174141381
200 1174141381
Testing 1174144459
200 1174144459
Testing 1174145096
200 1174145096
Testing 1174146632
200 1174146632
Testing 1174148431
200 1174148431
Testing 1174148433
200 1174148433
Testing 1174149846
404 1174149846
Testing 1174149970
200 1174149970
Testing 1174150239
404 1174150239
Testing 1174153116
200 1174153116
Testing 1174153229
200 1174153229
Testing 1174154324
200 1174154324
Testing 1174154574
200 1174154574
Testing 1174155950
200 1174155950
Testing 1174156490
200 1174156490
Testing 1174156491
200 1174156491
Testing 1174156621
200 1174156621
Testing 1174156888
200 1174156888
Testing 1174156889
404 1174156889
Testing 1174158278
200 1174158278
Testing 1174158765
200 1174158765
Testing 1174158767
200 1174158767
Testing 1174159536
404 1174159536
Testing 1174159747
200 1174159747
Testing 1174159748
200 1174159748
Testing 1174159932
200 1174159932
Testing 1174160140
200 1174160140
Testing 1174160389
200 1174160389
Testing 1174160783
200 1174160783
Testing 1174161003
200 1174161003
Testing 1174161401
200 1174161401
Testing 1174161405
200 1174161405
Testing 1174161600
200 1174161600
Testing 1174162127
404 1174162127
Testing 1174162129
200 1174162129
Testing 1174162133
404 1174162133
Testing 1174162463
200 1174162463
Testing 1174162929
200 1174162929
Testing 1174163328
200 1174163328
Testing 1174163411
404 1174163411
Testing 1174163861
200 1174163861
Testing 1174164296
200 1174164296
Testing 1174164558
200 1174164558
Testing 1174165593
200 1174165593
Testing 1174166499
200 1174166499
Testing 1174167274
200 1174167274
Testing 1174168026
200 1174168026
Testing 1174168667
200 1174168667
Testing 1174168950
200 1174168950
Testing 1174169603
404 1174169603
Testing 1174169741
200 1174169741
Testing 1174169975
200 1174169975
Testing 1174170896
200 1174170896
Testing 1174171271
200 1174171271
Testing 1174171986
200 1174171986
Testing 1174172528
404 1174172528
Testing 1174172841
404 1174172841
Testing 1174173004
200 1174173004
Testing 1174173319
200 1174173319
Testing 1174173736
200 1174173736
Testing 1174173737
200 1174173737
Testing 1174174403
200 1174174403
Testing 1174174411
200 1174174411
Testing 1174175958
404 1174175958
Testing 1174176806
200 1174176806
Testing 1174176952
200 1174176952
Testing 1174177371
200 1174177371
Testing 1174177799
200 1174177799
Testing 1174178957
200 1174178957
Testing 1174179416
200 1174179416
Testing 1174179417
200 1174179417
Testing 1174179650
404 1174179650
Testing 1174179653
200 1174179653
Testing 1174181278
200 1174181278
Testing 1174181778
200 1174181778
Testing 1174181779
200 1174181779
Testing 1174181784
200 1174181784
Testing 1174183289
200 1174183289
Testing 1174183606
200 1174183606
Testing 1174183742
200 1174183742
Testing 1174185298
200 1174185298
Testing 1174185511
200 1174185511
Testing 1174185512
200 1174185512
Testing 1174185798
200 1174185798
Testing 1174187847
200 1174187847
Testing 1174187942
200 1174187942
Testing 1174188576
200 1174188576
Testing 1174189080
200 1174189080
Testing 1174189396
404 1174189396
Testing 1174189400
200 1174189400
Testing 1174189793
200 1174189793
Testing 1174190584
200 1174190584
Testing 1174193117
404 1174193117
Testing 1174194328
200 1174194328
Testing 1174194467
404 1174194467
Testing 1174194473
200 1174194473
Testing 1174195908
200 1174195908
Testing 1174196292
200 1174196292
Testing 1174196810
200 1174196810
Testing 1174196811
200 1174196811
Testing 1174196814
200 1174196814
Testing 1174196925
404 1174196925
Testing 1174197959
200 1174197959
Testing 1174198327
200 1174198327
Testing 1174198694
200 1174198694
Testing 1174198696
404 1174198696
Testing 1174199307
200 1174199307
Testing 1174199436
200 1174199436
Testing 1174199437
200 1174199437
Testing 1174199545
404 1174199545
Testing 1174199547
200 1174199547
Testing 1174199886
200 1174199886
Testing 1174201826
200 1174201826
Testing 1174201828
200 1174201828
Testing 1174201833
200 1174201833
Testing 1174203346
200 1174203346
Testing 1174203350
200 1174203350
Testing 1174203352
200 1174203352
Testing 1174203443
200 1174203443
Testing 1174203714
200 1174203714
Testing 1174203718
200 1174203718
Testing 1174204343
200 1174204343
Testing 1174204345
200 1174204345
Testing 1174204346
200 1174204346
Testing 1174204997
200 1174204997
Testing 1174205939
200 1174205939
Testing 1174206234
200 1174206234
Testing 1174206238
200 1174206238
Testing 1174206858
200 1174206858
Testing 1174206860
200 1174206860
Testing 1174206861
200 1174206861
Testing 1174207314
200 1174207314
Testing 1174207315
200 1174207315
Testing 1174208150
200 1174208150
Testing 1174209117
200 1174209117
Testing 1174210216
404 1174210216
Testing 1174210217
200 1174210217
Testing 1174210220
200 1174210220
Testing 1174210465
200 1174210465
Testing 1174211321
200 1174211321
Testing 1174211325
200 1174211325
Testing 1174211326
200 1174211326
Testing 1174211327
200 1174211327
Testing 1174212669
404 1174212669
Testing 1174212674
200 1174212674
Testing 1174213363
200 1174213363
Testing 1174213820
200 1174213820
Testing 1174214761
200 1174214761
Testing 1174214765
200 1174214765
Testing 1174214771
200 1174214771
Testing 1174214774
200 1174214774
Testing 1174215342
404 1174215342
Testing 1174215866
200 1174215866
Testing 1174215871
200 1174215871
Testing 1174215874
200 1174215874
Testing 1174216404
200 1174216404
Testing 1174216406
200 1174216406
Testing 1174216410
200 1174216410
Testing 1174216722
200 1174216722
Testing 1174216726
200 1174216726
Testing 1174217298
404 1174217298
Testing 1174217546
404 1174217546
Testing 1174217607
200 1174217607
Testing 1174217609
200 1174217609
Testing 1174217615
200 1174217615
Testing 1174217897
404 1174217897
Testing 1174217900
200 1174217900
Testing 1174217901
404 1174217901
Testing 1174217904
200 1174217904
Testing 1174218749
200 1174218749
Testing 1174220081
200 1174220081
Testing 1174220082
200 1174220082
Testing 1174220084
200 1174220084
Testing 1174220956
404 1174220956
Testing 1174220957
404 1174220957
Testing 1174220958
404 1174220958
Testing 1174221914
200 1174221914
Testing 1174221965
200 1174221965
Testing 1174222801
404 1174222801
Testing 1174223206
200 1174223206
Testing 1174223445
404 1174223445
Testing 1174223506
404 1174223506
Testing 1174223941
200 1174223941
Testing 1174224022
200 1174224022
Testing 1174224353
200 1174224353
Testing 1174224446
200 1174224446
Testing 1174224864
404 1174224864
Testing 1174225514
200 1174225514
Testing 1174225861
404 1174225861
Testing 1174225863
200 1174225863
Testing 1174226396
200 1174226396
Testing 1174226399
200 1174226399
Testing 1174226400
200 1174226400
Testing 1174226646
200 1174226646
Testing 1174227276
200 1174227276
Testing 1174227879
200 1174227879
Testing 1174228168
200 1174228168
Testing 1174228213
404 1174228213
Testing 1174228456
200 1174228456
Testing 1174228739
200 1174228739
Testing 1174228740
200 1174228740
Testing 1174228742
404 1174228742
Testing 1174229048
200 1174229048
Testing 1174229146
404 1174229146
Testing 1174229149
200 1174229149
Testing 1174229607
200 1174229607
Testing 1174230234
200 1174230234
Testing 1174230239
200 1174230239
Testing 1174231133
200 1174231133
Testing 1174231509
200 1174231509
Testing 1174231512
200 1174231512
Testing 1174231555
200 1174231555
Testing 1174231556
200 1174231556
Testing 1174232184
200 1174232184
Testing 1174232217
200 1174232217
Testing 1174232218
200 1174232218
Testing 1174232533
200 1174232533
Testing 1174232977
200 1174232977
Testing 1174232980
200 1174232980
Testing 1174233658
404 1174233658
Testing 1174233999
200 1174233999
Testing 1174234232
200 1174234232
Testing 1174235268
200 1174235268
Testing 1174235511
200 1174235511
Testing 1174235847
404 1174235847
Testing 1174235933
200 1174235933
Testing 1174236167
200 1174236167
Testing 1174236559
404 1174236559
Testing 1174238068
200 1174238068
Testing 1174239529
200 1174239529
Testing 1174241926
200 1174241926
Testing 1174242936
200 1174242936
Testing 1174242993
200 1174242993
Testing 1174248934
200 1174248934
Testing 1174251222
200 1174251222
Testing 1174251700
200 1174251700
Testing 1174253841
404 1174253841
Testing 1174253845
200 1174253845
Testing 1174256425
404 1174256425
Testing 1174257622
200 1174257622
Testing 1174258066
200 1174258066
Testing 1174258070
200 1174258070
Testing 1174260199
200 1174260199
Testing 1174261484
404 1174261484
Testing 1174261715
200 1174261715
Testing 1174263457
200 1174263457
Testing 1174266889
200 1174266889
Testing 1174267459
200 1174267459
Testing 1174270585
200 1174270585
Testing 1174272273
404 1174272273
Testing 1174272513
200 1174272513
Testing 1174272529
200 1174272529
Testing 1174272836
200 1174272836
Testing 1174273323
404 1174273323
Testing 1174274081
404 1174274081
Testing 1174274334
200 1174274334
Testing 1174274838
200 1174274838
Testing 1174275087
404 1174275087
Testing 1174275089
200 1174275089
Testing 1174281169
200 1174281169
Testing 1174283435
404 1174283435
Testing 1174283768
200 1174283768
Testing 1174283770
200 1174283770
Testing 1174285052
200 1174285052
Testing 1174285577
200 1174285577
Testing 1174293918
200 1174293918
Testing 1174294939
200 1174294939
Testing 1174295172
200 1174295172
Testing 1174296726
200 1174296726
Testing 1174297482
200 1174297482
Testing 1174298565
200 1174298565
Testing 1174302007
200 1174302007
Testing 1174302456
404 1174302456
Testing 1174306381
200 1174306381
Testing 1174308303
200 1174308303
Testing 1174309029
404 1174309029
Testing 1174327679
200 1174327679
Testing 1174338281
200 1174338281
Testing 1174349744
200 1174349744
Testing 1174349983
200 1174349983
Testing 1174350702
404 1174350702
Testing 1174356244
200 1174356244
Testing 1174357723
200 1174357723
Testing 1174358202
200 1174358202
Testing 1174361070
200 1174361070
Testing 1174362655
200 1174362655
Testing 1174362656
200 1174362656
Testing 1174362657
200 1174362657
Testing 1174363502
200 1174363502
Testing 1174364439
200 1174364439
Testing 1174364964
200 1174364964
Testing 1174365197
200 1174365197
Testing 1174365742
200 1174365742
Testing 1174366409
200 1174366409
Testing 1174368036
200 1174368036
Testing 1174368037
200 1174368037
Testing 1174368379
200 1174368379
Testing 1174371536
200 1174371536
Testing 1174371922
200 1174371922
Testing 1174372041
200 1174372041
Testing 1174372284
200 1174372284
Testing 1174374968
200 1174374968
Testing 1174375328
404 1174375328
Testing 1174375944
404 1174375944
Testing 1174375949
200 1174375949
Testing 1174375950
200 1174375950
Testing 1174377862
200 1174377862
Testing 1174377865
200 1174377865
Testing 1174377867
200 1174377867
Testing 1174379134
404 1174379134
Testing 1174379137
200 1174379137
Testing 1174379974
200 1174379974
Testing 1174380529
404 1174380529
Testing 1174380985
200 1174380985
Testing 1174381873
404 1174381873
Testing 1174381878
200 1174381878
Testing 1174381991
200 1174381991
Testing 1174381997
200 1174381997
Testing 1174382362
200 1174382362
Testing 1174383138
200 1174383138
Testing 1174383139
200 1174383139
Testing 1174383142
200 1174383142
Testing 1174383607
404 1174383607
Testing 1174383950
200 1174383950
Testing 1174383951
200 1174383951
Testing 1174384236
200 1174384236
Testing 1174384537
404 1174384537
Testing 1174384712
404 1174384712
Testing 1174384987
200 1174384987
Testing 1174386188
200 1174386188
Testing 1174386297
200 1174386297
Testing 1174386566
200 1174386566
Testing 1174386569
200 1174386569
Testing 1174386572
200 1174386572
Testing 1174386575
200 1174386575
Testing 1174386818
200 1174386818
Testing 1174386819
200 1174386819
Testing 1174387550
200 1174387550
Testing 1174388293
200 1174388293
Testing 1174388406
200 1174388406
Testing 1174388409
200 1174388409
Testing 1174388410
200 1174388410
Testing 1174389035
404 1174389035
Testing 1174389372
200 1174389372
Testing 1174390549
404 1174390549
Testing 1174390550
200 1174390550
Testing 1174391921
404 1174391921
Testing 1174392461
200 1174392461
Testing 1174392760
200 1174392760
Testing 1174393328
404 1174393328
Testing 1174393422
200 1174393422
Testing 1174393423
200 1174393423
Testing 1174393425
200 1174393425
Testing 1174393828
200 1174393828
Testing 1174393967
200 1174393967
Testing 1174394575
200 1174394575
Testing 1174395136
200 1174395136
Testing 1174395137
404 1174395137
Testing 1174395138
200 1174395138
Testing 1174395142
200 1174395142
Testing 1174395593
200 1174395593
Testing 1174395808
200 1174395808
Testing 1174396174
200 1174396174
Testing 1174396175
200 1174396175
Testing 1174396353
404 1174396353
Testing 1174396684
200 1174396684
Testing 1174397335
200 1174397335
Testing 1174397336
200 1174397336
Testing 1174398537
200 1174398537
Testing 1174398670
200 1174398670
Testing 1174398989
200 1174398989
Testing 1174399084
200 1174399084
Testing 1174399769
200 1174399769
Testing 1174399770
200 1174399770
Testing 1174400301
200 1174400301
Testing 1174400719
200 1174400719
Testing 1174400725
200 1174400725
Testing 1174401001
200 1174401001
Testing 1174401004
200 1174401004
Testing 1174401006
200 1174401006
Testing 1174401785
200 1174401785
Testing 1174401791
200 1174401791
Testing 1174402208
404 1174402208
Testing 1174402918
200 1174402918
Testing 1174404471
200 1174404471
Testing 1174404911
200 1174404911
Testing 1174405018
200 1174405018
Testing 1174405022
200 1174405022
Testing 1174405438
200 1174405438
Testing 1174405995
200 1174405995
Testing 1174406436
404 1174406436
Testing 1174407110
200 1174407110
Testing 1174407614
200 1174407614
Testing 1174408429
200 1174408429
Testing 1174408919
200 1174408919
Testing 1174409510
404 1174409510
Testing 1174409824
200 1174409824
Testing 1174409827
200 1174409827
Testing 1174410647
200 1174410647
Testing 1174410848
200 1174410848
Testing 1174411752
200 1174411752
Testing 1174413210
404 1174413210
Testing 1174413213
200 1174413213
Testing 1174414028
200 1174414028
Testing 1174414031
200 1174414031
Testing 1174414519
200 1174414519
Testing 1174414931
200 1174414931
Testing 1174414934
200 1174414934
Testing 1174415261
200 1174415261
Testing 1174416169
200 1174416169
Testing 1174416693
200 1174416693
Testing 1174417601
404 1174417601
Testing 1174418450
404 1174418450
Testing 1174418455
200 1174418455
Testing 1174419381
200 1174419381
Testing 1174419384
200 1174419384
Testing 1174419838
404 1174419838
Testing 1174419955
200 1174419955
Testing 1174420263
200 1174420263
Testing 1174420623
200 1174420623
Testing 1174420930
404 1174420930
Testing 1174420933
200 1174420933
Testing 1174420992
200 1174420992
Testing 1174420993
200 1174420993
Testing 1174421526
200 1174421526
Testing 1174422018
404 1174422018
Testing 1174422501
200 1174422501
Testing 1174422993
200 1174422993
Testing 1174422994
200 1174422994
Testing 1174422996
200 1174422996
Testing 1174423104
200 1174423104
Testing 1174423506
200 1174423506
Testing 1174425465
404 1174425465
Testing 1174425703
404 1174425703
Testing 1174426123
200 1174426123
Testing 1174427237
404 1174427237
Testing 1174427673
200 1174427673
Testing 1174428332
200 1174428332
Testing 1174428865
404 1174428865
Testing 1174428867
200 1174428867
Testing 1174428944
200 1174428944
Testing 1174429637
200 1174429637
Testing 1174430991
200 1174430991
Testing 1174431271
404 1174431271
Testing 1174432021
200 1174432021
Testing 1174433062
404 1174433062
Testing 1174433258
200 1174433258
Testing 1174433259
200 1174433259
Testing 1174433262
200 1174433262
Testing 1174433264
200 1174433264
Testing 1174434902
200 1174434902
Testing 1174434979
404 1174434979
Testing 1174436034
200 1174436034
Testing 1174436313
200 1174436313
Testing 1174437068
404 1174437068
Testing 1174437124
200 1174437124
Testing 1174437402
404 1174437402
Testing 1174437445
200 1174437445
Testing 1174437446
200 1174437446
Testing 1174437873
200 1174437873
Testing 1174438683
200 1174438683
Testing 1174438684
200 1174438684
Testing 1174438690
200 1174438690
Testing 1174438692
200 1174438692
Testing 1174438693
200 1174438693
Testing 1174439244
200 1174439244
Testing 1174439248
200 1174439248
Testing 1174439767
200 1174439767
Testing 1174439850
200 1174439850
Testing 1174439856
200 1174439856
Testing 1174440141
200 1174440141
Testing 1174440142
200 1174440142
Testing 1174440516
200 1174440516
Testing 1174440622
200 1174440622
Testing 1174440876
200 1174440876
Testing 1174440882
200 1174440882
Testing 1174440950
404 1174440950
Testing 1174440953
200 1174440953
Testing 1174441187
200 1174441187
Testing 1174441659
200 1174441659
Testing 1174442167
200 1174442167
Testing 1174442169
404 1174442169
Testing 1174442661
200 1174442661
Testing 1174442662
404 1174442662
Testing 1174442663
200 1174442663
Testing 1174442952
404 1174442952
Testing 1174442955
200 1174442955
Testing 1174442960
200 1174442960
Testing 1174443010
200 1174443010
Testing 1174443068
200 1174443068
Testing 1174443319
200 1174443319
Testing 1174443407
200 1174443407
Testing 1174443511
404 1174443511
Testing 1174444657
200 1174444657
Testing 1174444703
200 1174444703
Testing 1174444706
200 1174444706
Testing 1174445029
200 1174445029
Testing 1174445703
200 1174445703
Testing 1174446530
200 1174446530
Testing 1174447313
200 1174447313
Testing 1174447449
200 1174447449
Testing 1174447779
200 1174447779
Testing 1174448175
200 1174448175
Testing 1174448449
200 1174448449
Testing 1174448450
200 1174448450
Testing 1174448451
404 1174448451
Testing 1174448748
404 1174448748
Testing 1174448750
200 1174448750
Testing 1174449034
200 1174449034
Testing 1174449599
200 1174449599
Testing 1174449882
200 1174449882
Testing 1174450583
200 1174450583
Testing 1174450965
200 1174450965
Testing 1174451383
200 1174451383
Testing 1174452043
200 1174452043
Testing 1174452540
200 1174452540
Testing 1174453943
200 1174453943
Testing 1174454041
200 1174454041
Testing 1174454044
200 1174454044
Testing 1174455197
200 1174455197
Testing 1174455198
200 1174455198
Testing 1174456856
404 1174456856
Testing 1174456885
200 1174456885
Testing 1174456953
200 1174456953
Testing 1174457193
200 1174457193
Testing 1174457927
200 1174457927
Testing 1174458838
200 1174458838
Testing 1174459076
200 1174459076
Testing 1174459210
200 1174459210
Testing 1174459918
200 1174459918
Testing 1174459961
200 1174459961
Testing 1174461687
404 1174461687
Testing 1174462716
200 1174462716
Testing 1174463015
200 1174463015
Testing 1174463826
200 1174463826
Testing 1174464126
200 1174464126
Testing 1174464127
404 1174464127
Testing 1174464692
200 1174464692
Testing 1174465576
200 1174465576
Testing 1174466319
200 1174466319
Testing 1174466564
200 1174466564
Testing 1174466569
200 1174466569
Testing 1174466652
404 1174466652
Testing 1174466698
404 1174466698
Testing 1174467748
200 1174467748
Testing 1174469941
200 1174469941
Testing 1174470657
200 1174470657
Testing 1174471614
200 1174471614
Testing 1174472647
200 1174472647
Testing 1174474806
200 1174474806
Testing 1174478302
200 1174478302
Testing 1174478926
200 1174478926
Testing 1174480400
200 1174480400
Testing 1174481104
200 1174481104
Testing 1174481622
404 1174481622
Testing 1174484596
200 1174484596
Testing 1174494423
200 1174494423
Testing 1174503752
200 1174503752
Testing 1174511367
200 1174511367
Testing 1174520815
200 1174520815
Testing 1174521115
200 1174521115
Testing 1174521698
404 1174521698
Testing 1174521778
200 1174521778
Testing 1174525624
200 1174525624
Testing 1174525626
404 1174525626
Testing 1174528492
200 1174528492
Testing 1174529659
200 1174529659
Testing 1174529697
200 1174529697
Testing 1174532634
200 1174532634
Testing 1174532979
200 1174532979
Testing 1174533274
200 1174533274
Testing 1174533275
200 1174533275
Testing 1174533937
200 1174533937
Testing 1174535215
200 1174535215
Testing 1174535523
200 1174535523
Testing 1174536174
200 1174536174
Testing 1174536808
200 1174536808
Testing 1174537145
200 1174537145
Testing 1174538348
200 1174538348
Testing 1174538349
200 1174538349
Testing 1174538641
200 1174538641
Testing 1174539045
200 1174539045
Testing 1174539855
404 1174539855
Testing 1174541799
404 1174541799
Testing 1174542129
200 1174542129
Testing 1174543292
200 1174543292
Testing 1174543877
200 1174543877
Testing 1174544400
404 1174544400
Testing 1174544428
200 1174544428
Testing 1174544429
404 1174544429
Testing 1174545011
404 1174545011
Testing 1174545287
404 1174545287
Testing 1174547279
404 1174547279
Testing 1174547308
200 1174547308
Testing 1174548989
200 1174548989
Testing 1174549262
404 1174549262
Testing 1174550160
200 1174550160
Testing 1174550464
200 1174550464
Testing 1174551813
200 1174551813
Testing 1174552763
200 1174552763
Testing 1174553398
404 1174553398
Testing 1174555606
200 1174555606
Testing 1174556208
404 1174556208
Testing 1174557338
200 1174557338
Testing 1174558857
200 1174558857
Testing 1174559672
200 1174559672
Testing 1174561709
200 1174561709
Testing 1174564074
200 1174564074
Testing 1174564661
200 1174564661
Testing 1174568456
200 1174568456
Testing 1174569902
200 1174569902
Testing 1174570049
404 1174570049
Testing 1174570151
200 1174570151
Testing 1174571696
200 1174571696
Testing 1174572338
200 1174572338
Testing 1174572339
200 1174572339
Testing 1174572354
200 1174572354
Testing 1174572391
200 1174572391
Testing 1174573313
404 1174573313
Testing 1174573539
200 1174573539
Testing 1174573843
200 1174573843
Testing 1174573935
200 1174573935
Testing 1174574210
200 1174574210
Testing 1174574245
200 1174574245
Testing 1174574370
200 1174574370
Testing 1174574723
200 1174574723
Testing 1174575288
200 1174575288
Testing 1174575434
200 1174575434
Testing 1174575596
200 1174575596
Testing 1174585711
200 1174585711
Testing 1174585713
404 1174585713
Testing 1174585714
404 1174585714
Testing 1174585916
404 1174585916
Testing 1174586355
200 1174586355
Testing 1174586356
200 1174586356
Testing 1174586783
200 1174586783
Testing 1174586930
404 1174586930
Testing 1174587514
200 1174587514
Testing 1174587554
200 1174587554
Testing 1174587555
200 1174587555
Testing 1174587659
200 1174587659
Testing 1174587724
200 1174587724
Testing 1174587898
200 1174587898
Testing 1174589162
200 1174589162
Testing 1174595068
200 1174595068
Testing 1174598115
200 1174598115
Testing 1174598310
200 1174598310
Testing 1174600923
404 1174600923
Testing 1174601850
200 1174601850
Testing 1174602136
200 1174602136
Testing 1174602471
200 1174602471
Testing 1174602588
200 1174602588
Testing 1174603553
200 1174603553
Testing 1174603815
404 1174603815
Testing 1174605772
404 1174605772
Testing 1174606798
404 1174606798
Testing 1174607772
200 1174607772
Testing 1174607826
404 1174607826
Testing 1174608585
200 1174608585
Testing 1174609175
200 1174609175
Testing 1174609176
200 1174609176
Testing 1174609258
200 1174609258
Testing 1174609260
404 1174609260
Testing 1174609640
200 1174609640
Testing 1174611517
200 1174611517
Testing 1174612231
200 1174612231
Testing 1174612680
200 1174612680
Testing 1174612785
200 1174612785
Testing 1174613048
404 1174613048
Testing 1174613088
404 1174613088
Testing 1174613107
200 1174613107
Testing 1174613481
200 1174613481
Testing 1174613495
200 1174613495
Testing 1174614563
200 1174614563
Testing 1174615014
200 1174615014
Testing 1174615544
404 1174615544
Testing 1174616936
404 1174616936
Testing 1174616937
404 1174616937
Testing 1174617741
200 1174617741
Testing 1174619024
404 1174619024
Testing 1174619459
200 1174619459
Testing 1174619502
200 1174619502
Testing 1174619628
200 1174619628
Testing 1174619659
200 1174619659
Testing 1174619994
404 1174619994
Testing 1174620883
404 1174620883
Testing 1174620996
200 1174620996
Testing 1174621242
200 1174621242
Testing 1174621243
404 1174621243
Testing 1174621654
404 1174621654
Testing 1174621934
200 1174621934
Testing 1174622147
200 1174622147
Testing 1174622231
404 1174622231
Testing 1174622371
404 1174622371
Testing 1174622464
200 1174622464
Testing 1174622609
200 1174622609
Testing 1174622647
404 1174622647
Testing 1174622786
404 1174622786
Testing 1174622787
200 1174622787
Testing 1174622976
404 1174622976
Testing 1174623052
404 1174623052
Testing 1174623053
200 1174623053
Testing 1174623162
404 1174623162
Testing 1174623304
200 1174623304
Testing 1174623414
404 1174623414
Testing 1174623416
200 1174623416
Testing 1174623563
200 1174623563
Testing 1174623810
200 1174623810
Testing 1174624134
200 1174624134
Testing 1174624185
404 1174624185
Testing 1174624202
200 1174624202
Testing 1174624224
200 1174624224
Testing 1174624278
200 1174624278
Testing 1174624301
200 1174624301
Testing 1174624450
404 1174624450
Testing 1174624531
200 1174624531
Testing 1174629220
404 1174629220
Testing 1174631339
200 1174631339
Testing 1174642267
200 1174642267
Testing 1174642686
200 1174642686
Testing 1174642977
200 1174642977
Testing 1174644547
200 1174644547
Testing 1174644835
200 1174644835
Testing 1174645429
404 1174645429
Testing 1174645430
200 1174645430
Testing 1174646069
200 1174646069
Testing 1174646248
200 1174646248
Testing 1174647663
200 1174647663
Testing 1174648555
200 1174648555
Testing 1174648824
404 1174648824
Testing 1174648825
404 1174648825
Testing 1174649068
200 1174649068
Testing 1174649276
200 1174649276
Testing 1174650312
200 1174650312
Testing 1174650313
200 1174650313
Testing 1174650821
404 1174650821
Testing 1174650892
200 1174650892
Testing 1174651123
200 1174651123
Testing 1174651721
200 1174651721
Testing 1174652539
404 1174652539
Testing 1174652788
200 1174652788
Testing 1174654036
200 1174654036
Testing 1174654038
200 1174654038
Testing 1174654374
200 1174654374
Testing 1174654486
200 1174654486
Testing 1174654706
200 1174654706
Testing 1174654707
200 1174654707
Testing 1174654711
200 1174654711
Testing 1174654816
200 1174654816
Testing 1174655197
200 1174655197
Testing 1174655282
404 1174655282
Testing 1174655431
200 1174655431
Testing 1174655883
200 1174655883
Testing 1174656208
200 1174656208
Testing 1174656209
200 1174656209
Testing 1174656422
404 1174656422
Testing 1174656735
200 1174656735
Testing 1174656736
200 1174656736
Testing 1174656737
200 1174656737
Testing 1174657110
200 1174657110
Testing 1174657200
200 1174657200
Testing 1174657322
200 1174657322
Testing 1174657584
404 1174657584
Testing 1174657765
200 1174657765
Testing 1174657881
200 1174657881
Testing 1174658262
200 1174658262
Testing 1174658437
200 1174658437
Testing 1174658519
200 1174658519
Testing 1174659289
200 1174659289
Testing 1174659362
200 1174659362
Testing 1174659366
404 1174659366
Testing 1174659459
404 1174659459
Testing 1174659926
200 1174659926
Testing 1174659927
200 1174659927
Testing 1174659928
200 1174659928
Testing 1174660264
200 1174660264
Testing 1174660632
404 1174660632
Testing 1174660633
200 1174660633
Testing 1174660744
404 1174660744
Testing 1174661306
200 1174661306
Testing 1174661356
404 1174661356
Testing 1174661358
200 1174661358
Testing 1174661359
200 1174661359
Testing 1174661360
200 1174661360
Testing 1174661453
404 1174661453
Testing 1174661580
404 1174661580
Testing 1174661945
200 1174661945
Testing 1174662061
200 1174662061
Testing 1174662062
200 1174662062
Testing 1174662171
200 1174662171
Testing 1174662241
200 1174662241
Testing 1174662340
200 1174662340
Testing 1174662474
200 1174662474
Testing 1174662476
200 1174662476
Testing 1174662477
200 1174662477
Testing 1174662479
404 1174662479
Testing 1174662587
404 1174662587
Testing 1174662754
200 1174662754
Testing 1174662977
200 1174662977
Testing 1174662979
200 1174662979
Testing 1174663276
404 1174663276
Testing 1174663687
404 1174663687
Testing 1174663770
404 1174663770
Testing 1174663771
200 1174663771
Testing 1174663921
200 1174663921
Testing 1174664228
200 1174664228
Testing 1174664292
200 1174664292
Testing 1174664686
200 1174664686
Testing 1174665236
200 1174665236
Testing 1174665238
200 1174665238
Testing 1174665309
404 1174665309
Testing 1174666154
200 1174666154
Testing 1174666322
200 1174666322
Testing 1174666324
200 1174666324
Testing 1174666681
200 1174666681
Testing 1174666885
200 1174666885
Testing 1174666947
404 1174666947
Testing 1174666950
404 1174666950
Testing 1174667052
200 1174667052
Testing 1174667304
200 1174667304
Testing 1174668147
200 1174668147
Testing 1174668148
200 1174668148
Testing 1174668774
200 1174668774
Testing 1174669363
200 1174669363
Testing 1174669431
200 1174669431
Testing 1174669781
404 1174669781
Testing 1174670223
404 1174670223
Testing 1174670390
404 1174670390
Testing 1174670391
200 1174670391
Testing 1174670975
200 1174670975
Testing 1174671046
404 1174671046
Testing 1174671047
200 1174671047
Testing 1174671048
200 1174671048
Testing 1174671146
200 1174671146
Testing 1174671602
404 1174671602
Testing 1174672208
200 1174672208
Testing 1174672368
200 1174672368
Testing 1174672369
200 1174672369
Testing 1174672370
200 1174672370
Testing 1174672372
404 1174672372
Testing 1174672498
200 1174672498
Testing 1174672713
200 1174672713
Testing 1174672872
404 1174672872
Testing 1174672974
200 1174672974
Testing 1174673096
200 1174673096
Testing 1174673097
200 1174673097
Testing 1174673100
200 1174673100
Testing 1174673652
200 1174673652
Testing 1174673659
200 1174673659
Testing 1174673742
200 1174673742
Testing 1174673835
200 1174673835
Testing 1174673836
200 1174673836
Testing 1174673924
200 1174673924
Testing 1174673925
404 1174673925
Testing 1174674128
200 1174674128
Testing 1174674232
404 1174674232
Testing 1174674234
404 1174674234
Testing 1174674428
200 1174674428
Testing 1174674429
200 1174674429
Testing 1174674430
200 1174674430
Testing 1174674900
200 1174674900
Testing 1174674997
200 1174674997
Testing 1174675175
200 1174675175
Testing 1174675268
200 1174675268
Testing 1174675269
200 1174675269
Testing 1174675270
200 1174675270
Testing 1174675935
200 1174675935
Testing 1174676037
200 1174676037
Testing 1174676470
200 1174676470
Testing 1174676934
404 1174676934
Testing 1174676936
200 1174676936
Testing 1174677632
200 1174677632
Testing 1174678011
404 1174678011
Testing 1174678169
404 1174678169
Testing 1174678171
404 1174678171
Testing 1174678319
200 1174678319
Testing 1174678476
404 1174678476
Testing 1174678477
200 1174678477
Testing 1174678541
200 1174678541
Testing 1174678829
200 1174678829
Testing 1174678831
200 1174678831
Testing 1174679082
200 1174679082
Testing 1174679159
404 1174679159
Testing 1174679161
200 1174679161
Testing 1174679220
200 1174679220
Testing 1174679572
404 1174679572
Testing 1174679648
200 1174679648
Testing 1174679832
200 1174679832
Testing 1174679835
200 1174679835
Testing 1174679983
404 1174679983
Testing 1174680160
200 1174680160
Testing 1174680229
200 1174680229
Testing 1174680649
200 1174680649
Testing 1174680651
200 1174680651
Testing 1174680980
404 1174680980
Testing 1174680981
404 1174680981
Testing 1174680982
404 1174680982
Testing 1174681095
200 1174681095
Testing 1174681177
200 1174681177
Testing 1174681455
200 1174681455
Testing 1174681545
404 1174681545
Testing 1174681647
200 1174681647
Testing 1174681829
404 1174681829
Testing 1174681831
404 1174681831
Testing 1174682157
200 1174682157
Testing 1174682159
200 1174682159
Testing 1174682166
200 1174682166
Testing 1174682536
200 1174682536
Testing 1174682538
200 1174682538
Testing 1174682540
200 1174682540
Testing 1174682666
404 1174682666
Testing 1174682668
200 1174682668
Testing 1174682961
200 1174682961
Testing 1174683034
404 1174683034
Testing 1174683036
200 1174683036
Testing 1174683567
200 1174683567
Testing 1174683678
200 1174683678
Testing 1174683832
200 1174683832
Testing 1174684031
404 1174684031
Testing 1174684037
404 1174684037
Testing 1174684201
200 1174684201
Testing 1174684204
200 1174684204
Testing 1174684236
404 1174684236
Testing 1174684238
200 1174684238
Testing 1174684242
200 1174684242
Testing 1174684281
200 1174684281
Testing 1174684417
404 1174684417
Testing 1174684419
200 1174684419
Testing 1174684566
200 1174684566
Testing 1174684674
404 1174684674
Testing 1174684678
404 1174684678
Testing 1174684733
200 1174684733
Testing 1174684806
200 1174684806
Testing 1174684807
404 1174684807
Testing 1174684890
200 1174684890
Testing 1174684891
200 1174684891
Testing 1174685140
404 1174685140
Testing 1174685272
404 1174685272
Testing 1174685448
200 1174685448
Testing 1174685451
200 1174685451
Testing 1174685760
200 1174685760
Testing 1174685972
200 1174685972
Testing 1174686045
200 1174686045
Testing 1174686298
200 1174686298
Testing 1174686303
200 1174686303
Testing 1174686305
200 1174686305
Testing 1174686345
404 1174686345
Testing 1174686490
200 1174686490
Testing 1174686633
200 1174686633
Testing 1174686637
200 1174686637
Testing 1174686737
404 1174686737
Testing 1174686839
200 1174686839
Testing 1174686937
200 1174686937
Testing 1174687065
200 1174687065
Testing 1174687339
200 1174687339
Testing 1174687394
200 1174687394
Testing 1174687395
404 1174687395
Testing 1174687435
200 1174687435
Testing 1174687545
200 1174687545
Testing 1174688082
200 1174688082
Testing 1174688083
200 1174688083
Testing 1174688356
200 1174688356
Testing 1174688535
404 1174688535
Testing 1174688671
200 1174688671
Testing 1174688788
200 1174688788
Testing 1174688834
200 1174688834
Testing 1174689137
404 1174689137
Testing 1174689138
404 1174689138
Testing 1174689222
404 1174689222
Testing 1174689223
200 1174689223
Testing 1174689436
404 1174689436
Testing 1174689584
404 1174689584
Testing 1174689619
200 1174689619
Testing 1174689711
200 1174689711
Testing 1174689957
200 1174689957
Testing 1174690114
404 1174690114
Testing 1174690115
200 1174690115
Testing 1174690153
200 1174690153
Testing 1174690278
404 1174690278
Testing 1174690309
200 1174690309
Testing 1174690444
404 1174690444
Testing 1174690446
404 1174690446
Testing 1174690448
200 1174690448
Testing 1174690449
404 1174690449
Testing 1174690798
200 1174690798
Testing 1174690906
200 1174690906
Testing 1174690908
200 1174690908
Testing 1174690990
200 1174690990
Testing 1174690991
404 1174690991
Testing 1174691350
404 1174691350
Testing 1174691392
200 1174691392
Testing 1174691417
200 1174691417
Testing 1174691464
200 1174691464
Testing 1174691563
200 1174691563
Testing 1174691735
200 1174691735
Testing 1174691819
404 1174691819
Testing 1174691968
404 1174691968
Testing 1174691969
404 1174691969
Testing 1174692049
200 1174692049
Testing 1174692500
404 1174692500
Testing 1174692604
404 1174692604
Testing 1174692624
404 1174692624
Testing 1174692713
200 1174692713
Testing 1174692893
200 1174692893
Testing 1174693130
200 1174693130
Testing 1174693261
404 1174693261
Testing 1174693331
200 1174693331
Testing 1174693381
404 1174693381
Testing 1174693760
404 1174693760
Testing 1174693990
404 1174693990
Testing 1174694087
404 1174694087
Testing 1174694259
404 1174694259
Testing 1174694262
200 1174694262
Testing 1174694264
404 1174694264
Testing 1174695571
404 1174695571
Testing 1174695718
200 1174695718
Testing 1174695830
200 1174695830
Testing 1174695897
404 1174695897
Testing 1174695920
200 1174695920
Testing 1174695921
200 1174695921
Testing 1174696038
200 1174696038
Testing 1174696130
200 1174696130
Testing 1174696195
200 1174696195
Testing 1174696206
200 1174696206
Testing 1174696208
200 1174696208
Testing 1174696370
200 1174696370
Testing 1174696381
404 1174696381
Testing 1174696736
404 1174696736
Testing 1174696819
200 1174696819
Testing 1174696851
404 1174696851
Testing 1174696879
404 1174696879
Testing 1174696976
404 1174696976
Testing 1174696977
404 1174696977
Testing 1174697001
404 1174697001
Testing 1174697062
200 1174697062
Testing 1174697111
404 1174697111
Testing 1174697415
200 1174697415
Testing 1174697853
200 1174697853
Testing 1174697963
200 1174697963
Testing 1174697971
200 1174697971
Testing 1174697985
404 1174697985
Testing 1174698329
404 1174698329
Testing 1174698330
404 1174698330
Testing 1174701335
404 1174701335
Testing 1174701336
200 1174701336
Testing 1174703537
404 1174703537
Testing 1174703976
404 1174703976
Testing 1174704302
200 1174704302
Testing 1174704656
404 1174704656
Testing 1174705136
200 1174705136
Testing 1174706696
200 1174706696
Testing 1174707464
404 1174707464
Testing 1174707530
200 1174707530
Testing 1174707694
200 1174707694
Testing 1174708008
200 1174708008
Testing 1174708436
200 1174708436
Testing 1174708532
200 1174708532
Testing 1174708926
200 1174708926
Testing 1174709433
404 1174709433
Testing 1174709434
404 1174709434
Testing 1174709560
200 1174709560
Testing 1174710397
404 1174710397
Testing 1174710641
200 1174710641
Testing 1174710765
200 1174710765
Testing 1174711619
200 1174711619
Testing 1174711623
404 1174711623
Testing 1174711624
200 1174711624
Testing 1174711801
200 1174711801
Testing 1174712064
200 1174712064
Testing 1174712197
200 1174712197
Testing 1174712198
404 1174712198
Testing 1174712400
404 1174712400
Testing 1174712884
404 1174712884
Testing 1174712885
200 1174712885
Testing 1174713173
200 1174713173
Testing 1174713621
404 1174713621
Testing 1174713969
200 1174713969
Testing 1174714367
404 1174714367
Testing 1174714368
404 1174714368
Testing 1174714758
404 1174714758
Testing 1174716111
200 1174716111
Testing 1174716113
200 1174716113
Testing 1174716114
200 1174716114
Testing 1174716821
200 1174716821
Testing 1174716822
200 1174716822
Testing 1174717293
200 1174717293
Testing 1174717752
200 1174717752
Testing 1174717805
404 1174717805
Testing 1174718134
404 1174718134
Testing 1174718383
200 1174718383
Testing 1174718385
200 1174718385
Testing 1174718579
200 1174718579
Testing 1174718580
200 1174718580
Testing 1174718581
200 1174718581
Testing 1174720123
404 1174720123
Testing 1174720282
200 1174720282
Testing 1174720854
200 1174720854
Testing 1174721028
404 1174721028
Testing 1174721152
200 1174721152
Testing 1174721310
200 1174721310
Testing 1174722032
200 1174722032
Testing 1174722033
200 1174722033
Testing 1174722035
200 1174722035
Testing 1174722213
404 1174722213
Testing 1174722317
200 1174722317
Testing 1174722642
404 1174722642
Testing 1174722643
200 1174722643
Testing 1174723058
200 1174723058
Testing 1174723354
200 1174723354
Testing 1174723355
200 1174723355
Testing 1174723357
200 1174723357
Testing 1174723359
404 1174723359
Testing 1174724033
404 1174724033
Testing 1174724134
200 1174724134
Testing 1174724350
200 1174724350
Testing 1174724603
200 1174724603
Testing 1174724604
200 1174724604
Testing 1174724606
200 1174724606
Testing 1174724607
200 1174724607
Testing 1174725132
404 1174725132
Testing 1174725133
404 1174725133
Testing 1174725134
404 1174725134
Testing 1174725262
200 1174725262
Testing 1174725814
404 1174725814
Testing 1174727079
200 1174727079
Testing 1174727080
404 1174727080
Testing 1174727081
404 1174727081
Testing 1174727083
200 1174727083
Testing 1174727087
200 1174727087
Testing 1174727088
404 1174727088
Testing 1174727258
200 1174727258
Testing 1174727359
404 1174727359
Testing 1174727360
404 1174727360
Testing 1174727361
200 1174727361
Testing 1174727412
404 1174727412
Testing 1174728316
200 1174728316
Testing 1174728319
404 1174728319
Testing 1174728390
404 1174728390
Testing 1174728392
404 1174728392
Testing 1174728395
404 1174728395
Testing 1174728471
404 1174728471
Testing 1174728472
200 1174728472
Testing 1174728697
200 1174728697
Testing 1174728812
200 1174728812
Testing 1174729076
200 1174729076
Testing 1174730112
200 1174730112
Testing 1174730174
404 1174730174
Testing 446453971
200 446453971
Testing 552066853
404 552066853
